name;Has_Kids;No_Kids;Caucasian;African_American;Asian;Hispanic;Female;Male;18;18_24;25_34;35_44;45_54;55_64;65;0-50k;50-100k;100-150k;150k;College;Grad_School;No_College
gasbuddy.com;;155.0;114.0;;;;;119.0;;;;;113.0;196.0;321.0;;;;118.0;;105.0;115.0
4shared.com;;103.0;;123.0;153.0;104.0;;113.0;122.0;147.0;;;;;;115.0;;;;;;112.0
adp.com;;103.0;;140.0;142.0;;103.0;;;;127.0;126.0;117.0;114.0;;;101.0;109.0;112.0;108.0;107.0;
meetme.com;;102.0;;137.0;;;105.0;;143.0;128.0;;;;;;120.0;;;;;;120.0
yield.com;;107.0;;;222.0;102.0;;102.0;150.0;;;;;;101.0;104.0;;;;;110.0;101.0
scrumptiousfit.com;;114.0;;120.0;186.0;;103.0;;133.0;;110.0;;;;200.0;120.0;;;;;117.0;103.0
manta.com;;105.0;104.0;;;;105.0;;;;;106.0;118.0;119.0;102.0;;104.0;109.0;110.0;106.0;110.0;
fanfiction.net;122.0;;;;250.0;137.0;120.0;;198.0;212.0;;;;;;104.0;104.0;105.0;;;;117.0
bitesizewellness.com;;118.0;;129.0;197.0;;104.0;;132.0;;110.0;;;;198.0;123.0;;;;;114.0;105.0
superstar-gossip.com;;112.0;101.0;111.0;193.0;;102.0;;131.0;;116.0;;;;205.0;121.0;;;;;123.0;102.0
rottentomatoes.com;;117.0;104.0;;133.0;;;116.0;;167.0;121.0;104.0;;;;103.0;;;;115.0;114.0;
ameritrade.com;;153.0;;;387.0;;;134.0;;;;117.0;135.0;174.0;230.0;;;102.0;151.0;107.0;175.0;
zazzle.com;117.0;;;;;111.0;110.0;;131.0;102.0;114.0;104.0;;;;;;111.0;;101.0;;102.0
worldmarket.com;;124.0;108.0;;;;123.0;;;;153.0;146.0;115.0;118.0;;;;105.0;135.0;117.0;135.0;
optimum.net;;134.0;;207.0;;224.0;103.0;;;;;117.0;140.0;167.0;179.0;;;117.0;150.0;;174.0;
coolmath.com;139.0;;;133.0;;137.0;;103.0;215.0;;;;;;;101.0;;;101.0;;104.0;101.0
cliffsnotes.com;104.0;;;132.0;124.0;117.0;112.0;;110.0;203.0;;;;;;115.0;;;;104.0;112.0;
boingboing.net;;125.0;113.0;;;;;127.0;;148.0;144.0;118.0;;;;;101.0;102.0;;121.0;122.0;
politico.com;;118.0;111.0;;;;;127.0;;;;116.0;134.0;152.0;173.0;;114.0;141.0;161.0;117.0;180.0;
biography.com;;103.0;;117.0;;;110.0;;;116.0;;102.0;111.0;108.0;;103.0;;;;105.0;103.0;
earthsky.org;;104.0;106.0;;;;103.0;;;131.0;103.0;104.0;106.0;102.0;;;;;;105.0;;
daily-spots.com;;115.0;;122.0;192.0;;104.0;;129.0;;115.0;;;;190.0;121.0;;;;;119.0;103.0
bossip.com;107.0;;;855.0;;;127.0;;101.0;209.0;141.0;;;;;132.0;;;;101.0;;106.0
expedia.com;;115.0;;104.0;122.0;125.0;108.0;;;;123.0;124.0;119.0;124.0;110.0;;;116.0;119.0;106.0;127.0;
petsmart.com;;101.0;110.0;;;;120.0;;;;122.0;126.0;115.0;;;;;109.0;107.0;101.0;;104.0
sltrib.com;110.0;;110.0;;109.0;;;113.0;;;158.0;122.0;;;114.0;;111.0;;113.0;119.0;133.0;
toptenreviews.com;;114.0;;125.0;101.0;104.0;;120.0;;;106.0;114.0;113.0;115.0;;101.0;;;111.0;103.0;110.0;
dickssportinggoods.com;121.0;;117.0;;;;;105.0;144.0;;;115.0;;;;;;128.0;117.0;104.0;;
gamehouse.com;104.0;;;130.0;;;116.0;;128.0;;;;105.0;106.0;117.0;112.0;;;;;;113.0
traileraddict.com;;112.0;;118.0;175.0;;;105.0;141.0;;111.0;;;;178.0;117.0;;;;;123.0;
easybib.com;;101.0;;109.0;123.0;119.0;113.0;;102.0;226.0;;;;;;117.0;;;;106.0;112.0;
fulloffashion.com;;114.0;;118.0;183.0;;102.0;;134.0;;110.0;;;;199.0;120.0;;;;;117.0;103.0
upworthy.com;;131.0;110.0;;;;;106.0;;146.0;122.0;111.0;106.0;108.0;;103.0;;;;120.0;130.0;
someecards.com;;107.0;104.0;;;;116.0;;;146.0;122.0;106.0;;;;106.0;;;;110.0;;
hilton.com;;109.0;104.0;107.0;;;105.0;;;;114.0;128.0;121.0;121.0;;;;124.0;139.0;114.0;147.0;
icontact.com;;117.0;101.0;149.0;;;112.0;;;;;121.0;132.0;141.0;127.0;;;103.0;106.0;;117.0;
prevention.com;;114.0;105.0;;;;133.0;;;108.0;108.0;107.0;112.0;118.0;;;103.0;;;113.0;108.0;
radioshack.com;;114.0;;139.0;;111.0;;118.0;;107.0;108.0;113.0;112.0;111.0;110.0;109.0;101.0;101.0;;;;109.0
mmo-champion.com;;111.0;106.0;;114.0;;;139.0;;198.0;152.0;;;;;124.0;;;;102.0;;110.0
refinery29.com;;144.0;;;185.0;;145.0;;;186.0;168.0;;;;;103.0;;;114.0;136.0;121.0;
charter.net;;110.0;111.0;;;;;101.0;;;101.0;126.0;110.0;115.0;130.0;;;113.0;125.0;;109.0;
agame.com;164.0;;;287.0;105.0;174.0;111.0;;299.0;128.0;;;;;;130.0;114.0;;;;;143.0
y8.com;164.0;;;276.0;278.0;242.0;106.0;;296.0;;;;;;;120.0;;;101.0;;;144.0
comfortinn.com;;117.0;113.0;;;;103.0;;;;103.0;111.0;120.0;131.0;120.0;;;127.0;113.0;105.0;120.0;
ucomparehealthcare.com;;104.0;104.0;;;;114.0;;;;;106.0;116.0;119.0;106.0;;104.0;107.0;109.0;106.0;114.0;
celebrityhearsay.com;;115.0;;120.0;185.0;;103.0;;137.0;;108.0;;;;207.0;121.0;;;;;116.0;104.0
tvrage.com;;112.0;;146.0;;;;106.0;;138.0;113.0;;;;;;;;102.0;;101.0;107.0
bathandbodyworks.com;103.0;;104.0;107.0;;;137.0;;;;130.0;131.0;105.0;;;;;117.0;;106.0;;
wellhabits.com;;113.0;;115.0;171.0;;103.0;;134.0;;109.0;;;;197.0;119.0;;;;;116.0;103.0
knowvehicles.com;;114.0;;120.0;201.0;;102.0;;138.0;;103.0;;;;172.0;117.0;;;;;112.0;104.0
chicagotribune.com;;136.0;103.0;126.0;;;;108.0;;;115.0;119.0;115.0;134.0;156.0;;;105.0;120.0;104.0;156.0;
nba.com;112.0;;;309.0;238.0;159.0;;118.0;122.0;148.0;131.0;;;;;104.0;;101.0;;;;101.0
mlb.com;;110.0;108.0;;;114.0;;117.0;;;130.0;126.0;110.0;;;;;115.0;110.0;107.0;113.0;
businessweek.com;;127.0;;102.0;209.0;;;118.0;;;113.0;119.0;120.0;132.0;142.0;;;101.0;135.0;110.0;164.0;
iobit.com;;123.0;101.0;116.0;;;;132.0;;;;103.0;127.0;165.0;142.0;150.0;104.0;;;;;114.0
davesgarden.com;;133.0;118.0;;;;110.0;;;;112.0;114.0;133.0;149.0;133.0;;;101.0;122.0;106.0;122.0;
nwsource.com;;111.0;111.0;;105.0;;;111.0;;;107.0;109.0;119.0;140.0;130.0;;109.0;130.0;139.0;124.0;147.0;
basspro.com;;103.0;120.0;;;;;114.0;;;116.0;119.0;114.0;110.0;;;;124.0;109.0;101.0;;108.0
allmusic.com;;112.0;;173.0;;138.0;;118.0;;121.0;122.0;110.0;113.0;;;105.0;106.0;;;104.0;;
nicekicks.com;;123.0;;342.0;114.0;107.0;;111.0;166.0;143.0;;;;;;119.0;;;;;;115.0
sportsnewsstories.com;;117.0;;129.0;207.0;;103.0;;133.0;;107.0;;;;201.0;121.0;;;;;114.0;105.0
nymag.com;;140.0;104.0;;136.0;;104.0;;;131.0;150.0;111.0;;;;;;107.0;151.0;126.0;165.0;
womenshealthmag.com;;116.0;101.0;;102.0;;135.0;;;142.0;120.0;104.0;103.0;;;106.0;;;;116.0;104.0;
levi.com;104.0;;;152.0;;120.0;112.0;;;101.0;103.0;138.0;108.0;;;;;112.0;109.0;;;103.0
imagebam.com;;118.0;;144.0;308.0;;;162.0;;113.0;176.0;117.0;;;;;121.0;115.0;;;;107.0
rankingsandreviews.com;;109.0;;138.0;300.0;107.0;;106.0;;156.0;113.0;;;;;;;107.0;141.0;;174.0;
zerohedge.com;;105.0;108.0;;131.0;;;138.0;;;121.0;130.0;108.0;126.0;132.0;;109.0;123.0;157.0;118.0;146.0;
fullsail.edu;113.0;;;268.0;103.0;136.0;106.0;;;111.0;120.0;148.0;104.0;;;148.0;;;;;;112.0
mademan.com;;107.0;;108.0;112.0;;;113.0;;159.0;;;;;;109.0;;;;102.0;;101.0
directv.com;103.0;;102.0;119.0;;;108.0;;;;124.0;127.0;112.0;107.0;;;103.0;121.0;;101.0;;107.0
funny-games.biz;126.0;;;108.0;190.0;113.0;;105.0;207.0;188.0;;;;;;;;107.0;;;;127.0
411.com;;123.0;111.0;;;;132.0;;;;;101.0;154.0;156.0;130.0;;110.0;107.0;;101.0;;101.0
lg.com;;109.0;;116.0;107.0;101.0;;114.0;;159.0;;114.0;;;;101.0;106.0;103.0;;102.0;102.0;
foxbusiness.com;;105.0;111.0;;;;;130.0;;;;124.0;149.0;161.0;167.0;;118.0;148.0;154.0;122.0;137.0;
imvu.com;109.0;;;185.0;112.0;;102.0;;116.0;141.0;;;;;;123.0;;;;;;124.0
autoblog.com;;124.0;;;218.0;;;137.0;;133.0;139.0;113.0;;;;;;111.0;127.0;;109.0;
art.com;105.0;;;105.0;;134.0;107.0;;134.0;131.0;;;;;;;;103.0;109.0;;;104.0
kodak.com;;121.0;110.0;;;;109.0;;;;;104.0;119.0;154.0;186.0;;105.0;108.0;;;;107.0
travelnewsstories.com;;115.0;;122.0;213.0;;102.0;;138.0;;103.0;;;;179.0;117.0;;;;;113.0;104.0
popularmechanics.com;;123.0;109.0;;;;;133.0;;;110.0;117.0;129.0;139.0;116.0;;;106.0;113.0;104.0;117.0;
hallofstyle.com;;115.0;;123.0;177.0;;105.0;;134.0;;110.0;;;;190.0;121.0;;;;;114.0;104.0
circleofmoms.com;122.0;;;112.0;;;135.0;;;122.0;144.0;113.0;;;;105.0;;;;104.0;;
partsgeek.com;;105.0;;;216.0;137.0;;128.0;;;106.0;124.0;124.0;112.0;;;;;120.0;106.0;;
rollingstone.com;;128.0;107.0;;;;;117.0;;154.0;122.0;107.0;;;;;;101.0;103.0;118.0;129.0;
kitco.com;;150.0;109.0;;126.0;;;137.0;;;;124.0;162.0;188.0;202.0;;;;149.0;102.0;188.0;
tracfone.com;;115.0;111.0;;;;109.0;;;;;102.0;119.0;140.0;158.0;117.0;115.0;;;;;113.0
thefrisky.com;;103.0;;142.0;;201.0;;;;109.0;123.0;116.0;;;;101.0;;;116.0;;;104.0
cvent.com;;109.0;104.0;;;;105.0;;;;107.0;115.0;123.0;128.0;103.0;;107.0;127.0;152.0;116.0;150.0;
mandtbank.com;;114.0;112.0;103.0;;;103.0;;;;147.0;121.0;117.0;117.0;;;;115.0;101.0;102.0;116.0;
kioskea.net;;;;140.0;154.0;186.0;;116.0;;176.0;117.0;;;;;121.0;;;123.0;;;110.0
hotels.com;;104.0;;119.0;;104.0;109.0;;;;131.0;127.0;115.0;108.0;;;;121.0;115.0;109.0;120.0;
msnbc.com;;131.0;109.0;;;;;112.0;;;102.0;112.0;127.0;152.0;157.0;;;106.0;118.0;107.0;129.0;
usnewsstories.com;;114.0;;121.0;190.0;;103.0;;133.0;;110.0;;;;197.0;120.0;;;;;117.0;103.0
amazon.com;;108.0;101.0;;109.0;;101.0;;;;130.0;120.0;102.0;;;;;105.0;111.0;107.0;126.0;
bible.cc;;113.0;;284.0;;;;107.0;;103.0;118.0;123.0;109.0;;;;105.0;;104.0;104.0;116.0;
hostgator.com;;102.0;;127.0;133.0;107.0;;115.0;;137.0;127.0;108.0;;;;105.0;;;117.0;;;107.0
tmz.com;;107.0;102.0;121.0;;;107.0;;;101.0;122.0;128.0;126.0;107.0;;;106.0;104.0;105.0;113.0;;
mugshots.com;;105.0;;132.0;;;107.0;;;108.0;;107.0;114.0;104.0;;104.0;;;;102.0;;101.0
picmonkey.com;107.0;;;131.0;;;121.0;;128.0;186.0;;;;;;121.0;;;;;;116.0
ctpost.com;;141.0;;152.0;;;;109.0;;;;156.0;102.0;136.0;223.0;125.0;147.0;;;;;133.0
oyunlar1.com;153.0;;;288.0;203.0;168.0;101.0;;232.0;138.0;;;;;;134.0;112.0;;;;;124.0
kbb.com;;105.0;107.0;;;;;108.0;;106.0;127.0;115.0;108.0;;;;;114.0;109.0;103.0;;
enterprise.com;;108.0;;217.0;101.0;112.0;109.0;;;104.0;132.0;123.0;113.0;109.0;;;;114.0;105.0;109.0;120.0;
wallstcheatsheet.com;;115.0;108.0;;183.0;;;143.0;;;108.0;123.0;123.0;147.0;177.0;;108.0;147.0;214.0;116.0;177.0;
panerabread.com;;112.0;111.0;;;;113.0;;;;121.0;132.0;106.0;;;;;108.0;126.0;111.0;142.0;
cleverbetterstock.com;;113.0;;112.0;195.0;;101.0;;131.0;;114.0;;;;214.0;120.0;;;;;122.0;102.0
winportal.com;;125.0;101.0;106.0;102.0;;;119.0;;;104.0;112.0;126.0;136.0;118.0;205.0;;;;101.0;105.0;
searchquotes.com;101.0;;;154.0;102.0;;111.0;;114.0;171.0;;;;;;118.0;;;;;;112.0
dailymail.co.uk;;126.0;106.0;;;;;116.0;;;111.0;121.0;120.0;125.0;139.0;;;;127.0;105.0;146.0;
buzznet.com;124.0;;;128.0;132.0;197.0;105.0;;193.0;181.0;;;;;;105.0;;;111.0;;;123.0
pcworld.com;;133.0;102.0;;105.0;;;128.0;;;;103.0;132.0;157.0;158.0;110.0;;;101.0;;120.0;
azlyrics.com;141.0;;;170.0;143.0;176.0;110.0;;264.0;200.0;;;;;;;;;106.0;;;133.0
rasmussenreports.com;;113.0;112.0;;;;;133.0;;;;114.0;141.0;161.0;204.0;;116.0;148.0;171.0;116.0;169.0;
opposingviews.com;;109.0;103.0;;103.0;;;114.0;;130.0;112.0;112.0;109.0;101.0;;;101.0;103.0;103.0;112.0;113.0;
fool.com;;118.0;109.0;;145.0;;;135.0;;;;116.0;123.0;151.0;191.0;;108.0;140.0;187.0;114.0;162.0;
weeklystandard.com;;108.0;115.0;;;;;138.0;;;;121.0;143.0;156.0;196.0;;121.0;153.0;173.0;119.0;174.0;
techguy.org;;124.0;105.0;;106.0;;;123.0;;111.0;116.0;112.0;114.0;113.0;102.0;105.0;101.0;;106.0;103.0;112.0;
ovguide.com;;110.0;;123.0;148.0;;;105.0;115.0;154.0;;;;;;118.0;;;;;;109.0
songmeanings.net;;117.0;105.0;;112.0;;;102.0;;239.0;106.0;;;;;119.0;;;;107.0;;
lanebryant.com;106.0;;;224.0;;101.0;144.0;;;;171.0;131.0;;;;;113.0;112.0;;110.0;;
bgr.com;;106.0;101.0;;153.0;;;143.0;;144.0;139.0;121.0;;;;;103.0;113.0;113.0;121.0;118.0;
reason.com;;120.0;113.0;;;;;136.0;;126.0;112.0;115.0;112.0;121.0;123.0;;106.0;119.0;133.0;116.0;157.0;
cbn.com;;104.0;110.0;;;;;105.0;;;;110.0;132.0;146.0;174.0;;112.0;119.0;115.0;112.0;131.0;
palmbeachpost.com;;111.0;103.0;;;;;113.0;;;;115.0;129.0;127.0;120.0;;108.0;124.0;135.0;110.0;127.0;
movienewsstories.com;;107.0;;103.0;199.0;;;102.0;144.0;;;;;;116.0;106.0;;;;;110.0;101.0
oreck.com;;138.0;111.0;;;;111.0;;;;;115.0;133.0;182.0;193.0;;;109.0;108.0;;;103.0
popularscreensavers.com;101.0;;;176.0;;128.0;112.0;;114.0;116.0;;;101.0;109.0;116.0;146.0;107.0;;;;;141.0
citysearch.com;;111.0;;111.0;;106.0;109.0;;;;130.0;125.0;109.0;110.0;;;;106.0;111.0;105.0;109.0;
contemporarymother.com;;113.0;;114.0;248.0;;102.0;;143.0;102.0;107.0;;;;156.0;119.0;;;;;117.0;104.0
hgtv.com;;124.0;112.0;;;;124.0;;;;;111.0;139.0;189.0;171.0;;;113.0;111.0;105.0;;
frys.com;;109.0;;104.0;437.0;248.0;;125.0;;116.0;135.0;124.0;;;;111.0;;;101.0;107.0;104.0;
oprah.com;;112.0;;148.0;;;132.0;;;119.0;108.0;109.0;109.0;108.0;;101.0;101.0;;;113.0;114.0;
ripoffreport.com;;108.0;;139.0;;;;101.0;;;126.0;119.0;124.0;113.0;;;;103.0;109.0;105.0;103.0;
techbargains.com;;120.0;;119.0;465.0;;;131.0;;;120.0;138.0;137.0;116.0;;;;126.0;108.0;112.0;165.0;
askmen.com;;106.0;;118.0;110.0;155.0;;120.0;;150.0;134.0;103.0;;;;;;105.0;102.0;103.0;;
mylifetime.com;;107.0;;131.0;;;132.0;;;161.0;;;;;;114.0;;;;106.0;;
horoscope.com;;118.0;;117.0;135.0;;119.0;;;127.0;107.0;;107.0;;;119.0;;;;;;120.0
jetblue.com;;128.0;;125.0;142.0;176.0;109.0;;;;121.0;126.0;119.0;137.0;136.0;;;110.0;126.0;106.0;142.0;
nhl.com;;106.0;117.0;;;;;118.0;;;132.0;156.0;108.0;;;;;106.0;118.0;104.0;115.0;
iplay.com;;106.0;;187.0;;110.0;117.0;;114.0;110.0;125.0;;101.0;107.0;;168.0;116.0;;;;;116.0
wsj.com;;144.0;101.0;;240.0;;;125.0;;;;118.0;132.0;159.0;206.0;;;102.0;144.0;106.0;212.0;
force.com;;107.0;106.0;107.0;;;109.0;;;180.0;148.0;;;;;174.0;113.0;103.0;;105.0;113.0;
active.com;143.0;;108.0;;;104.0;102.0;;243.0;;;;;;;;;137.0;124.0;101.0;111.0;
amctheatres.com;114.0;;;150.0;152.0;190.0;111.0;;110.0;125.0;126.0;112.0;;;;;;113.0;109.0;107.0;101.0;
foodnetwork.com;;125.0;109.0;;;;122.0;;;;107.0;116.0;119.0;157.0;189.0;;;109.0;113.0;101.0;;
metacafe.com;;109.0;;;116.0;;;116.0;;144.0;;;;;;110.0;;;;;;104.0
progressive.com;104.0;;;143.0;;;104.0;;;119.0;162.0;107.0;;;;;107.0;104.0;;101.0;;108.0
wetpaint.com;;102.0;103.0;108.0;;;120.0;;;160.0;110.0;102.0;;;;112.0;;;;103.0;;103.0
fingerhut.com;123.0;;;252.0;;136.0;134.0;;;120.0;113.0;118.0;;;;150.0;117.0;;;;;136.0
craveonline.com;115.0;;;162.0;121.0;149.0;;109.0;165.0;153.0;117.0;;;;;105.0;109.0;;;;;123.0
myheritage.com;116.0;;104.0;;;105.0;124.0;;153.0;183.0;110.0;;;;;117.0;105.0;;;;;126.0
pizzahut.com;120.0;;;173.0;;133.0;115.0;;;127.0;160.0;123.0;;;;;107.0;108.0;;106.0;;101.0
comedycentral.com;;115.0;105.0;;;;;119.0;;219.0;119.0;;;;;121.0;;;;105.0;;102.0
ginasglamdom.com;;116.0;;128.0;201.0;;103.0;;135.0;;106.0;;;;193.0;121.0;;;;;114.0;105.0
wonderhowto.com;102.0;;;152.0;117.0;161.0;;113.0;;160.0;111.0;;;;;102.0;;101.0;101.0;;;113.0
complex.com;;120.0;;193.0;133.0;;;117.0;;177.0;121.0;;;;;118.0;;;;102.0;;101.0
gevalia.com;;122.0;108.0;;;;120.0;;;;;118.0;135.0;169.0;187.0;;;102.0;103.0;;;103.0
scribd.com;104.0;104.0;104.0;104.0;104.0;104.0;;104.0;;122.0;102.0;106.0;106.0;103.0;;104.0;104.0;104.0;104.0;108.0;126.0;
zap2it.com;;107.0;104.0;;;;106.0;;;114.0;;110.0;114.0;111.0;;;103.0;;;111.0;106.0;
ifbyphone.com;;105.0;;191.0;120.0;123.0;;109.0;102.0;;;104.0;135.0;101.0;;126.0;103.0;;114.0;;;108.0
giantbomb.com;;110.0;103.0;;139.0;;;147.0;;245.0;128.0;;;;;126.0;;;;;;114.0
loopnet.com;;104.0;;111.0;267.0;151.0;;109.0;;;113.0;141.0;128.0;109.0;;;;103.0;146.0;108.0;141.0;
christianbook.com;107.0;;110.0;102.0;;;108.0;;105.0;;;110.0;101.0;102.0;;;121.0;104.0;;106.0;117.0;
ehow.com;102.0;;;115.0;102.0;101.0;105.0;;;123.0;124.0;109.0;;;;;;104.0;107.0;103.0;;
aetv.com;;108.0;101.0;116.0;;;108.0;;;135.0;;101.0;105.0;;;110.0;;;;104.0;;101.0
starcasm.net;103.0;;;;;;123.0;;;161.0;127.0;111.0;;;;109.0;;;;105.0;;102.0
syfy.com;;107.0;102.0;;;;;101.0;;142.0;;;;;;112.0;;;;102.0;;103.0
zdnet.com;;129.0;101.0;116.0;;;;125.0;;112.0;;;130.0;141.0;142.0;117.0;;;102.0;;;102.0
egotastic.com;;120.0;;;122.0;111.0;;142.0;;142.0;171.0;112.0;;;;;;108.0;117.0;110.0;;
imgfave.com;;107.0;103.0;;107.0;;125.0;;;219.0;109.0;;;;;120.0;;;;105.0;;102.0
townhall.com;;142.0;111.0;;;;;124.0;;;;;123.0;175.0;235.0;;105.0;;111.0;103.0;187.0;
mediaite.com;;118.0;108.0;;;;;128.0;;;;118.0;130.0;141.0;151.0;;111.0;126.0;136.0;118.0;150.0;
verisign.com;;110.0;;157.0;103.0;116.0;105.0;;;;113.0;113.0;112.0;117.0;124.0;102.0;;;107.0;;107.0;103.0
empowher.com;;105.0;;112.0;192.0;;103.0;;113.0;120.0;104.0;;;;;110.0;;;;;109.0;101.0
lowes.com;;109.0;111.0;;;;;;;;128.0;126.0;123.0;121.0;;;;117.0;102.0;103.0;;
thepostgame.com;;105.0;105.0;;;;;108.0;;112.0;102.0;113.0;117.0;108.0;;;103.0;104.0;101.0;112.0;107.0;
verizon.net;;120.0;101.0;127.0;;;103.0;;;;;117.0;116.0;133.0;152.0;;;101.0;133.0;;130.0;
mydish.com;;102.0;;109.0;;126.0;;101.0;;;111.0;137.0;;;;113.0;127.0;;;;;111.0
metrolyrics.com;;103.0;;122.0;105.0;;107.0;;103.0;181.0;;;;;;116.0;;;;;;107.0
blockbuster.com;110.0;;;;;115.0;109.0;;;;142.0;127.0;;;;;;107.0;105.0;108.0;;
straighttalk.com;115.0;;;225.0;;;119.0;;;134.0;113.0;102.0;;;;;;133.0;;;;128.0
bbc.com;;115.0;;119.0;357.0;;;117.0;;106.0;121.0;124.0;102.0;;103.0;105.0;;;113.0;103.0;155.0;
dillards.com;;101.0;;189.0;;115.0;123.0;;;;129.0;120.0;105.0;;;;;114.0;113.0;110.0;101.0;
nesn.com;;107.0;107.0;;;;;130.0;;101.0;104.0;113.0;117.0;114.0;;;107.0;122.0;127.0;113.0;123.0;
suntimes.com;;132.0;;146.0;;;;113.0;;;112.0;123.0;122.0;129.0;141.0;;;;120.0;103.0;159.0;
247wallst.com;;131.0;112.0;;;;;126.0;;;;109.0;138.0;176.0;218.0;;111.0;137.0;156.0;114.0;143.0;
myrecipes.com;;110.0;111.0;;;;134.0;;;;106.0;111.0;119.0;130.0;110.0;;109.0;104.0;;113.0;107.0;
areaconnect.com;;103.0;;152.0;109.0;137.0;104.0;;;133.0;107.0;;;;;103.0;;;102.0;;;109.0
myvideo.de;115.0;;;150.0;107.0;225.0;;118.0;144.0;124.0;;126.0;;;;111.0;;101.0;;;;127.0
mercola.com;;136.0;111.0;;;;114.0;;;;;;129.0;176.0;214.0;;;;110.0;;146.0;
maniatv.com;;109.0;102.0;113.0;176.0;;;;117.0;;130.0;;;;211.0;118.0;;;;;124.0;
aetna.com;;124.0;108.0;;;;109.0;;;;114.0;119.0;124.0;171.0;166.0;;;118.0;105.0;106.0;119.0;
nbcolympics.com;;106.0;103.0;;123.0;;;110.0;;116.0;101.0;109.0;112.0;107.0;;;104.0;111.0;114.0;114.0;130.0;
eatingwell.com;;109.0;107.0;;;;131.0;;;102.0;111.0;109.0;113.0;119.0;;;105.0;103.0;;114.0;113.0;
damnlol.com;;103.0;;115.0;108.0;;;105.0;130.0;222.0;;;;;;130.0;;;;;;126.0
edmunds.com;;116.0;;103.0;122.0;;;116.0;;;116.0;115.0;113.0;122.0;109.0;;;107.0;121.0;105.0;114.0;
livescience.com;;113.0;108.0;;;;;113.0;;113.0;;110.0;119.0;124.0;114.0;;104.0;109.0;102.0;111.0;115.0;
lowermybills.com;;121.0;;152.0;;;104.0;;;;;106.0;129.0;159.0;188.0;;;;114.0;;;107.0
kelloggs.com;113.0;;105.0;;;;117.0;;;;127.0;114.0;;;;;101.0;101.0;101.0;102.0;;102.0
jcpenney.com;;104.0;104.0;111.0;;;126.0;;;;122.0;120.0;108.0;117.0;101.0;;;119.0;;102.0;;101.0
food.com;;137.0;;;275.0;121.0;127.0;;;;102.0;103.0;;233.0;221.0;;;107.0;109.0;;;114.0
lulzz.com;;105.0;101.0;110.0;;;;102.0;119.0;208.0;;;;;;125.0;;;;;;119.0
drivingaroundthetrack.com;;115.0;;123.0;208.0;;102.0;;138.0;;103.0;;;;182.0;118.0;;;;;113.0;104.0
angieslist.com;;138.0;110.0;;131.0;;105.0;;;;;126.0;146.0;173.0;187.0;;;;140.0;108.0;155.0;
infowars.com;;123.0;;101.0;;153.0;;120.0;;;122.0;120.0;150.0;123.0;;106.0;;;151.0;102.0;153.0;
scientificamerican.com;;119.0;111.0;;105.0;;;122.0;;166.0;118.0;106.0;101.0;;;;;104.0;;115.0;131.0;
abebooks.com;;121.0;103.0;;;;;101.0;;;112.0;107.0;117.0;134.0;122.0;103.0;;;112.0;108.0;164.0;
hitfix.com;;116.0;103.0;;123.0;;;114.0;;142.0;129.0;111.0;;;;102.0;;;;118.0;114.0;
pronto.com;;110.0;;147.0;;129.0;103.0;;;;;;107.0;127.0;130.0;101.0;;;102.0;;;116.0
classifiedads.com;103.0;;;140.0;;120.0;106.0;;;115.0;106.0;107.0;106.0;;;;;101.0;;;;123.0
wimp.com;;137.0;103.0;101.0;;;104.0;;;;;;;146.0;273.0;;;;109.0;;;115.0
dexknows.com;;108.0;106.0;;;104.0;108.0;;;;132.0;120.0;107.0;110.0;;;;107.0;111.0;107.0;;
ca.gov;104.0;;;;247.0;296.0;106.0;;;119.0;136.0;120.0;;;;;;;114.0;104.0;115.0;
coolmath-games.com;137.0;;;124.0;;129.0;;102.0;206.0;;;;;;;;;;102.0;;103.0;101.0
barackobama.com;;124.0;;299.0;;;112.0;;;;113.0;116.0;118.0;144.0;134.0;;;;119.0;107.0;164.0;
gigaom.com;;112.0;105.0;;183.0;;;149.0;;123.0;142.0;133.0;110.0;;;;106.0;139.0;175.0;127.0;172.0;
seriouseats.com;;120.0;106.0;;129.0;;113.0;;;128.0;145.0;111.0;;;;;102.0;104.0;113.0;121.0;130.0;
tasteofhome.com;;132.0;122.0;;;;137.0;;;;;;119.0;176.0;268.0;106.0;103.0;;;;;114.0
virginmobileusa.com;118.0;;;223.0;;119.0;109.0;;129.0;146.0;101.0;;;;;126.0;111.0;;;;;117.0
800notes.com;;113.0;111.0;;;;;104.0;;;154.0;138.0;113.0;107.0;;;;108.0;124.0;110.0;102.0;
applebees.com;;108.0;106.0;127.0;;;119.0;;;;140.0;115.0;;;114.0;;102.0;109.0;;106.0;;
clevershares.com;;115.0;;120.0;185.0;;103.0;;137.0;;108.0;;;;200.0;121.0;;;;;116.0;104.0
barnesandnoble.com;;106.0;102.0;;;;114.0;;;108.0;122.0;115.0;;;;;;107.0;111.0;110.0;128.0;
colbertnation.com;;144.0;113.0;;;;;123.0;;208.0;135.0;;;;;115.0;;;;125.0;137.0;
newser.com;;124.0;109.0;;;;;107.0;;;;108.0;120.0;138.0;164.0;;109.0;106.0;102.0;113.0;117.0;
wondershare.com;101.0;;;123.0;262.0;146.0;;122.0;103.0;;;160.0;;;;144.0;141.0;;;;113.0;
trysensa.com;;122.0;;189.0;;105.0;155.0;;;;;122.0;134.0;170.0;167.0;115.0;104.0;116.0;;;;108.0
bn.com;;122.0;114.0;;;;126.0;;;;106.0;113.0;125.0;142.0;151.0;;;;130.0;110.0;156.0;
southernliving.com;;111.0;112.0;;;;133.0;;;;;111.0;127.0;138.0;116.0;;112.0;106.0;;114.0;104.0;
americanthinker.com;;113.0;112.0;;;;;126.0;;;;111.0;128.0;152.0;221.0;;117.0;128.0;141.0;116.0;148.0;
kicksonfire.com;;116.0;;289.0;116.0;103.0;;108.0;158.0;137.0;;;;;;116.0;;;;;;113.0
gsmarena.com;;101.0;;103.0;206.0;101.0;;131.0;;139.0;113.0;106.0;;;;102.0;;101.0;;101.0;103.0;
bankrate.com;;127.0;103.0;;179.0;;;109.0;;;124.0;139.0;121.0;140.0;156.0;;;111.0;120.0;110.0;150.0;
ebay.co.uk;;114.0;104.0;;;;;111.0;;;112.0;123.0;124.0;115.0;;;;;120.0;103.0;115.0;
financialcontent.com;;118.0;102.0;;196.0;;;109.0;126.0;;116.0;;;;239.0;114.0;;;;;137.0;
eater.com;;135.0;103.0;;159.0;;101.0;;;111.0;168.0;120.0;;;;;103.0;117.0;170.0;130.0;165.0;
nadaguides.com;;113.0;118.0;;;;;117.0;;;106.0;119.0;129.0;126.0;112.0;;;117.0;115.0;103.0;;103.0
discovery.com;;105.0;106.0;;;;;108.0;;145.0;102.0;101.0;;;;107.0;;;;106.0;;
tractorsupply.com;;107.0;123.0;;;;;111.0;;;105.0;112.0;123.0;112.0;;;;124.0;;;;118.0
partycity.com;143.0;;;116.0;;255.0;122.0;;;145.0;165.0;131.0;;;;;;116.0;;104.0;;104.0
globalgrind.com;;112.0;;343.0;;;112.0;;;157.0;120.0;109.0;;;;115.0;;;;106.0;;
sears.com;;109.0;104.0;;;;102.0;;;;120.0;125.0;118.0;123.0;112.0;;;113.0;101.0;;;103.0
evite.com;105.0;;103.0;;118.0;;117.0;;;;121.0;119.0;112.0;111.0;;;108.0;122.0;133.0;115.0;138.0;
medicalnewstoday.com;;118.0;107.0;;102.0;;114.0;;;;105.0;119.0;124.0;125.0;129.0;;;;155.0;101.0;169.0;
shmoop.com;106.0;;;125.0;116.0;114.0;114.0;;119.0;210.0;;;;;;117.0;;;;;101.0;
diynetwork.com;;125.0;114.0;;;;114.0;;;;;113.0;146.0;192.0;162.0;;;114.0;;103.0;;101.0
momswhothink.com;115.0;;;;;;130.0;;;;;;;;;;;;;;;
dictionary.com;101.0;;;109.0;117.0;105.0;106.0;;;145.0;;;;;;105.0;;;;107.0;112.0;
epson.com;;132.0;101.0;;;106.0;;105.0;;;;107.0;121.0;174.0;224.0;;;;103.0;;110.0;
mo.gov;107.0;;116.0;;;;116.0;;;;114.0;120.0;116.0;;;;;105.0;108.0;;;103.0
technewsstories.com;;109.0;;104.0;206.0;;;101.0;145.0;;101.0;;;;145.0;112.0;;;;;115.0;102.0
genealogy.com;;135.0;119.0;;;;113.0;;;;;;123.0;175.0;234.0;110.0;;;116.0;;;104.0
leisure.com;;103.0;;;153.0;104.0;;;139.0;;;;;;102.0;101.0;;;101.0;;106.0;
discovercard.com;;122.0;111.0;;111.0;;105.0;;;;132.0;126.0;120.0;137.0;146.0;;;116.0;110.0;109.0;122.0;
newsday.com;;137.0;105.0;;;;;104.0;;;110.0;107.0;116.0;141.0;189.0;;;101.0;121.0;103.0;145.0;
mydailymoment.com;;110.0;102.0;105.0;;;117.0;;;;;112.0;124.0;122.0;109.0;102.0;102.0;;;108.0;;
media.net;104.0;;;139.0;137.0;169.0;109.0;;115.0;163.0;;115.0;;;;168.0;;;;;;115.0
fandango.com;;105.0;102.0;;103.0;;103.0;;;119.0;;104.0;106.0;103.0;;;;;;108.0;107.0;
homeaway.com;;109.0;119.0;;;;112.0;;;;101.0;130.0;120.0;135.0;133.0;;;111.0;147.0;108.0;129.0;
elle.com;113.0;;;107.0;203.0;157.0;128.0;;124.0;121.0;105.0;;;;;123.0;104.0;;;;;105.0
digitalspy.com;;110.0;;106.0;118.0;;;104.0;;167.0;112.0;108.0;;;;107.0;;;;113.0;;
michaels.com;;103.0;108.0;;;;131.0;;;;133.0;122.0;103.0;106.0;;;102.0;115.0;;110.0;103.0;
apply2jobs.com;103.0;;;225.0;133.0;123.0;111.0;;;106.0;141.0;134.0;117.0;;;;;111.0;116.0;116.0;109.0;
usmagazine.com;;104.0;103.0;;;;132.0;;;111.0;126.0;120.0;110.0;;;;104.0;102.0;105.0;114.0;108.0;
time.com;;114.0;107.0;;115.0;;;117.0;;113.0;116.0;119.0;125.0;120.0;;;106.0;124.0;137.0;117.0;169.0;
emedtv.com;;108.0;108.0;;;;109.0;;;122.0;135.0;112.0;;106.0;115.0;;;104.0;116.0;;117.0;
statefarm.com;;111.0;102.0;124.0;;;110.0;;;;142.0;133.0;115.0;109.0;;;102.0;118.0;;109.0;;
slideshare.net;;102.0;;;149.0;102.0;;105.0;;119.0;107.0;109.0;106.0;;;;;111.0;122.0;109.0;140.0;
scouring.com;;107.0;;;229.0;102.0;;102.0;152.0;;;;;;101.0;104.0;;;;;111.0;101.0
usa-people-search.com;;116.0;;142.0;;;116.0;;;;;106.0;113.0;127.0;151.0;105.0;;;110.0;;;109.0
clubpenguin.com;166.0;;;;170.0;156.0;106.0;;339.0;;;;;;;;;127.0;111.0;;;123.0
yuku.com;;106.0;103.0;;;;;108.0;;123.0;103.0;107.0;107.0;102.0;;101.0;;;;107.0;101.0;
cnet.com;;112.0;;129.0;147.0;104.0;;122.0;;132.0;114.0;104.0;;;;;;;111.0;;108.0;
venturebeat.com;;117.0;106.0;;167.0;;;145.0;;161.0;141.0;123.0;;;;;;124.0;165.0;123.0;158.0;
michigan.gov;;112.0;107.0;147.0;;;109.0;;;;;115.0;134.0;129.0;108.0;;;110.0;110.0;;;103.0
greyhound.com;;104.0;;291.0;129.0;156.0;111.0;;;147.0;130.0;103.0;;;;144.0;;;;;101.0;102.0
hp.com;;117.0;;118.0;;105.0;;105.0;;110.0;104.0;;108.0;127.0;142.0;103.0;;;;;101.0;103.0
ingdirect.com;;136.0;102.0;101.0;161.0;;101.0;;;;147.0;140.0;110.0;135.0;127.0;;;115.0;117.0;110.0;155.0;
lyrics007.com;130.0;;;;187.0;159.0;104.0;;232.0;201.0;;;;;;;;104.0;114.0;;;119.0
dominos.com;116.0;;;160.0;;140.0;112.0;;;167.0;158.0;111.0;;;;;111.0;104.0;;;;107.0
vacationstogo.com;;146.0;105.0;102.0;;;105.0;;;;;;123.0;204.0;264.0;;;111.0;132.0;;127.0;
nypost.com;;136.0;;132.0;;105.0;;116.0;;;112.0;123.0;123.0;125.0;133.0;;;;130.0;108.0;160.0;
nueview.com;;110.0;;132.0;150.0;;;;152.0;121.0;;;;;133.0;121.0;;;;;;111.0
fftoolbox.com;;;109.0;;119.0;;;126.0;;117.0;132.0;112.0;;;;;107.0;114.0;117.0;114.0;118.0;
comcast.com;;108.0;;164.0;;;108.0;;;;134.0;125.0;109.0;106.0;;;;107.0;106.0;104.0;108.0;
drudgereport.com;101.0;;111.0;;;;;123.0;;;;120.0;128.0;127.0;140.0;;114.0;133.0;139.0;114.0;139.0;
enotes.com;105.0;;;130.0;109.0;120.0;112.0;;111.0;178.0;;;;;;112.0;;;;102.0;109.0;
howtogeek.com;;104.0;103.0;;142.0;;;131.0;;146.0;120.0;110.0;;;;;;107.0;;111.0;107.0;
tomshardware.com;;103.0;101.0;;155.0;;;138.0;;159.0;123.0;107.0;;;;102.0;;101.0;;109.0;;
auctionzip.com;;108.0;114.0;;;;;106.0;;;;;121.0;136.0;127.0;;110.0;110.0;;101.0;;102.0
hrblock.com;112.0;;;147.0;;109.0;120.0;;;102.0;150.0;118.0;;;;103.0;115.0;;;108.0;;
postimage.org;;122.0;108.0;;118.0;;;115.0;;196.0;129.0;103.0;;;;123.0;;;106.0;;;124.0
theslingshot.com;;108.0;;132.0;;125.0;110.0;;105.0;;;129.0;;111.0;;110.0;139.0;;;;;124.0
fodors.com;;112.0;104.0;;129.0;;108.0;;;;116.0;114.0;116.0;119.0;;;106.0;120.0;139.0;117.0;142.0;
greendot.com;116.0;;;408.0;;114.0;109.0;;;132.0;109.0;;111.0;;;210.0;105.0;;;;;127.0
mybrilliantdollar.com;;116.0;;125.0;212.0;;102.0;;136.0;;105.0;;;;189.0;120.0;;;;;114.0;104.0
greatabroad.com;;115.0;;121.0;183.0;;103.0;;137.0;;108.0;;;;201.0;121.0;;;;;115.0;104.0
greenwichmeantime.com;;104.0;;;144.0;;;110.0;;141.0;109.0;104.0;101.0;;;;;103.0;108.0;108.0;115.0;
cinemablend.com;;111.0;104.0;;131.0;;;115.0;;159.0;123.0;105.0;;;;110.0;;;;110.0;;
amazon.co.uk;;109.0;;;124.0;109.0;;107.0;;112.0;121.0;128.0;110.0;;;;;;116.0;105.0;127.0;
stltoday.com;;;;;;;;;;;;105.0;136.0;130.0;109.0;;;;;;;
inquisitr.com;;108.0;103.0;104.0;;;103.0;;;116.0;104.0;113.0;116.0;108.0;;;101.0;;;110.0;101.0;
indianexpress.com;;130.0;;;1426.0;;;133.0;;;125.0;177.0;104.0;;117.0;;;119.0;101.0;;297.0;
lifescript.com;;115.0;;147.0;;;132.0;;;;;;123.0;138.0;163.0;124.0;107.0;;;;;114.0
bloglines.com;;107.0;107.0;;;;;101.0;;;146.0;127.0;108.0;;103.0;111.0;;;;108.0;133.0;
dailycaller.com;;109.0;113.0;;;;;132.0;;;;118.0;137.0;152.0;199.0;;118.0;141.0;157.0;116.0;162.0;
miamiherald.com;;105.0;;103.0;;154.0;;129.0;;;112.0;125.0;128.0;122.0;102.0;;108.0;131.0;163.0;113.0;153.0;
curse.com;103.0;;103.0;;103.0;;101.0;;153.0;107.0;109.0;;;;;113.0;;;;;;115.0
mashable.com;;121.0;105.0;;146.0;;;120.0;;155.0;139.0;115.0;;;;;;113.0;128.0;124.0;140.0;
washingtonexaminer.com;;109.0;114.0;;;;;139.0;;;;121.0;142.0;156.0;192.0;;120.0;153.0;176.0;120.0;177.0;
oldnavy.com;138.0;;;108.0;;106.0;125.0;;;110.0;192.0;114.0;;;;;103.0;125.0;;118.0;;
nbcsports.com;;114.0;;;;143.0;;129.0;;103.0;125.0;130.0;106.0;;;;;115.0;;102.0;106.0;
carmax.com;103.0;;;174.0;;136.0;101.0;;;112.0;134.0;114.0;;;;;;109.0;112.0;106.0;;
usbuildingdigest.com;;112.0;;123.0;151.0;;103.0;;133.0;;106.0;;;;157.0;116.0;;;;;109.0;103.0
britannica.com;;;;;109.0;108.0;105.0;;;136.0;;;103.0;;;103.0;;;;106.0;119.0;
justfab.com;102.0;;;;;196.0;104.0;;122.0;102.0;;109.0;;124.0;107.0;214.0;;;;124.0;;
subway.com;109.0;;;150.0;111.0;103.0;109.0;;;142.0;127.0;102.0;;;;;;108.0;;;;102.0
gorillaleak.com;;110.0;101.0;116.0;146.0;;102.0;;133.0;;110.0;;;;168.0;117.0;;;;;113.0;102.0
redbox.com;128.0;;;;;146.0;;;;;158.0;122.0;;;;;111.0;105.0;;108.0;;
last.fm;120.0;;;128.0;164.0;171.0;;101.0;181.0;178.0;;;;;;103.0;;;108.0;;;112.0
chacha.com;102.0;;;122.0;;;105.0;;;161.0;;;;;;112.0;;;;;;106.0
toyota.com;;114.0;;;205.0;145.0;;107.0;;;139.0;125.0;106.0;101.0;;;;116.0;106.0;106.0;112.0;
9gag.com;;112.0;;;161.0;;;112.0;;253.0;106.0;;;;;125.0;;;;101.0;;106.0
nydailynews.com;;112.0;105.0;;;;;107.0;;102.0;107.0;118.0;123.0;122.0;108.0;;108.0;119.0;132.0;117.0;134.0;
investopedia.com;;109.0;101.0;;150.0;;;116.0;;102.0;109.0;112.0;113.0;115.0;103.0;;102.0;121.0;153.0;113.0;150.0;
computing.net;;102.0;102.0;;138.0;;;129.0;;127.0;111.0;111.0;104.0;;;;102.0;109.0;103.0;109.0;106.0;
walmartmoneycard.com;139.0;;;227.0;;;110.0;;;190.0;140.0;101.0;;;;164.0;105.0;;;;;129.0
yourmusictrends.com;;116.0;;127.0;210.0;;103.0;;135.0;101.0;107.0;;;;191.0;121.0;;;;;114.0;105.0
payless.com;127.0;;;224.0;;136.0;131.0;;121.0;138.0;132.0;;;;;108.0;108.0;104.0;;105.0;;103.0
imdb.com;;109.0;;;109.0;113.0;;106.0;;138.0;130.0;109.0;;;;;;;109.0;105.0;106.0;
coldwellbanker.com;;103.0;110.0;;;;113.0;;;;153.0;133.0;107.0;113.0;;;;111.0;110.0;107.0;101.0;
chevrolet.com;;109.0;106.0;;;103.0;;111.0;;106.0;124.0;112.0;107.0;107.0;;;;120.0;106.0;;;107.0
wptv.com;;108.0;106.0;;;;;;;;104.0;118.0;126.0;114.0;;;106.0;108.0;;110.0;103.0;
breitbart.com;;106.0;112.0;;;;;130.0;;;;118.0;138.0;147.0;191.0;;119.0;137.0;144.0;117.0;147.0;
exerciseglobe.com;;113.0;;117.0;179.0;;103.0;;135.0;;111.0;;;;200.0;121.0;;;;;118.0;103.0
vanityfair.com;;121.0;106.0;;109.0;;106.0;;;;122.0;126.0;115.0;121.0;112.0;;;109.0;105.0;109.0;151.0;
youtube.com;108.0;;;151.0;155.0;167.0;;102.0;141.0;157.0;;;;;;103.0;;;106.0;;;112.0
united.com;;134.0;101.0;;216.0;;109.0;;;;108.0;124.0;130.0;157.0;159.0;;;113.0;139.0;110.0;177.0;
truthorfiction.com;;159.0;124.0;;;;120.0;;;;;;;237.0;480.0;125.0;101.0;;;;;111.0
nfl.com;110.0;;;134.0;;111.0;;121.0;;;131.0;130.0;;;;;103.0;114.0;101.0;104.0;;
wz.cz;112.0;;;113.0;120.0;164.0;;115.0;170.0;148.0;;;;;;113.0;;;;;;117.0
perpetualexplorer.com;;110.0;;109.0;203.0;;;;134.0;;107.0;;;;176.0;117.0;;;;;113.0;104.0
ae.com;138.0;;;;185.0;114.0;112.0;;226.0;162.0;;;;;;;;126.0;115.0;;;113.0
silkroad.com;116.0;;;326.0;134.0;;109.0;;;112.0;105.0;125.0;;;;135.0;;112.0;;;;114.0
azcentral.com;;107.0;105.0;;;112.0;;107.0;;;;122.0;132.0;130.0;103.0;;112.0;120.0;115.0;117.0;114.0;
cnbc.com;;111.0;109.0;;117.0;;;131.0;;;101.0;118.0;125.0;142.0;148.0;;108.0;138.0;179.0;115.0;158.0;
maxim.com;;107.0;102.0;;103.0;;;128.0;;143.0;103.0;107.0;;;;102.0;;;104.0;106.0;;
logitech.com;;122.0;;108.0;111.0;124.0;;119.0;;;111.0;116.0;121.0;127.0;122.0;107.0;;;105.0;;;107.0
reelseo.com;106.0;106.0;106.0;106.0;106.0;106.0;;106.0;112.0;;;;;;;106.0;106.0;106.0;106.0;103.0;106.0;
dsw.com;;119.0;;288.0;301.0;;133.0;;;;135.0;141.0;108.0;;;;;109.0;119.0;112.0;109.0;
crackle.com;112.0;;;211.0;114.0;161.0;;102.0;152.0;148.0;106.0;;;;;120.0;;;105.0;;;127.0
allexperts.com;;102.0;103.0;;;;;108.0;;118.0;129.0;122.0;102.0;;;;;106.0;111.0;106.0;107.0;
seniorpeoplemeet.com;;167.0;107.0;;;;116.0;;;;;;;279.0;460.0;169.0;;;;;;116.0
timewarnercable.com;;109.0;;156.0;;174.0;108.0;;;;145.0;131.0;108.0;101.0;;101.0;105.0;101.0;;104.0;;
manualsonline.com;;113.0;103.0;112.0;;;;114.0;;;;122.0;132.0;118.0;101.0;;;;105.0;;;104.0
patheos.com;;119.0;113.0;;;;;111.0;;151.0;109.0;107.0;107.0;113.0;103.0;102.0;101.0;;;114.0;133.0;
startribune.com;;113.0;111.0;;;;;115.0;;;117.0;105.0;111.0;132.0;104.0;;108.0;133.0;139.0;124.0;146.0;
ebaumsworld.com;;109.0;103.0;;;;;122.0;;159.0;108.0;;;;;112.0;;;;;;106.0
localguides.com;103.0;;101.0;;;113.0;115.0;;126.0;;;119.0;;110.0;;125.0;;;138.0;;150.0;
iamcatwalk.com;;114.0;;118.0;170.0;;103.0;;135.0;;110.0;;;;198.0;120.0;;;;;116.0;103.0
foodbuzz.com;;115.0;;126.0;195.0;;125.0;;;;108.0;115.0;115.0;139.0;139.0;;;106.0;107.0;;147.0;
freewebs.com;120.0;;;112.0;136.0;114.0;104.0;;183.0;148.0;;;;;;101.0;;101.0;102.0;;;119.0
sixflags.com;108.0;;;117.0;121.0;101.0;109.0;;101.0;130.0;102.0;102.0;;;;105.0;;;;103.0;;
topix.com;;105.0;107.0;;;;;;;112.0;;101.0;109.0;101.0;;109.0;;;;;;108.0
kmart.com;110.0;;;136.0;;;120.0;;;;128.0;119.0;;;;109.0;110.0;;;;;115.0
become.com;;109.0;;148.0;;114.0;107.0;;;;;113.0;113.0;126.0;133.0;;;101.0;105.0;;;113.0
livingnewsstories.com;;111.0;;106.0;216.0;;101.0;;140.0;;108.0;;;;146.0;114.0;;;;;117.0;102.0
livejournal.com;;115.0;101.0;;141.0;;106.0;;;194.0;113.0;;;;;115.0;;;;109.0;;
gametrailers.com;;110.0;;111.0;175.0;;;142.0;106.0;196.0;123.0;;;;;130.0;;;;;;120.0
bizjournals.com;;127.0;;121.0;174.0;;;109.0;;;108.0;130.0;137.0;127.0;112.0;;;;144.0;111.0;164.0;
cruisecritic.com;;145.0;118.0;;;;106.0;;;;;103.0;176.0;196.0;174.0;;;117.0;134.0;108.0;155.0;
gsn.com;107.0;;103.0;172.0;;;129.0;;;112.0;;112.0;;;;132.0;111.0;;;;;134.0
indeed.com;103.0;;;222.0;113.0;120.0;111.0;;;115.0;132.0;121.0;114.0;;;;;106.0;103.0;107.0;;
pbskids.org;162.0;;;139.0;231.0;207.0;105.0;;200.0;;106.0;116.0;;;;;113.0;102.0;;;104.0;103.0
stlyrics.com;126.0;;;;150.0;160.0;105.0;;217.0;185.0;;;;;;;;101.0;113.0;;;113.0
match.com;;122.0;101.0;;;;;101.0;;;125.0;136.0;125.0;101.0;;;;;122.0;104.0;115.0;
memegenerator.net;;117.0;105.0;;119.0;;;126.0;;267.0;117.0;;;;;124.0;;;;103.0;;105.0
jobsradar.com;136.0;;;348.0;;187.0;120.0;;104.0;204.0;113.0;;;;;120.0;;;;;;141.0
logos.com;;109.0;;177.0;;141.0;;124.0;;;;102.0;127.0;149.0;112.0;;108.0;;125.0;;156.0;
fundwiser.com;;113.0;101.0;113.0;169.0;;102.0;;131.0;;110.0;;;;204.0;118.0;;;;;118.0;102.0
hanes.com;;122.0;110.0;;;;124.0;;;;101.0;130.0;127.0;136.0;117.0;;;;108.0;103.0;106.0;
cafemom.com;163.0;;109.0;;;;131.0;;;132.0;191.0;121.0;;;;113.0;127.0;;;;;122.0
discover.com;;106.0;104.0;;110.0;102.0;113.0;;;;142.0;121.0;105.0;110.0;106.0;;;108.0;119.0;111.0;113.0;
starpulse.com;;106.0;;118.0;;;;;;125.0;;108.0;106.0;;;103.0;;;;108.0;;
research.net;;109.0;;;;;107.0;;102.0;110.0;103.0;;;;;;;111.0;109.0;;;103.0
boostmobile.com;134.0;;;370.0;;219.0;108.0;;129.0;185.0;119.0;;;;;167.0;113.0;;;;;140.0
dummies.com;;105.0;102.0;;123.0;;;102.0;;130.0;108.0;107.0;108.0;101.0;;;101.0;105.0;103.0;112.0;117.0;
redorbit.com;;111.0;;127.0;152.0;;;104.0;118.0;167.0;;;;;;120.0;;;;;;107.0
everydayhealth.com;;129.0;108.0;101.0;;;135.0;;;;;;129.0;178.0;219.0;112.0;103.0;;;;;108.0
economist.com;;124.0;107.0;;135.0;;;127.0;;130.0;120.0;111.0;109.0;113.0;;;101.0;121.0;154.0;115.0;182.0;
patriotupdate.com;;171.0;127.0;;;;;114.0;;;;;145.0;222.0;315.0;;;;144.0;;;113.0
helium.com;109.0;;;137.0;111.0;115.0;108.0;;;138.0;124.0;126.0;;;;;101.0;101.0;101.0;103.0;113.0;
babble.com;;108.0;101.0;104.0;157.0;;118.0;;;107.0;123.0;;;;149.0;114.0;;;;;111.0;
electricmustache.com;;119.0;;123.0;192.0;;;103.0;137.0;103.0;101.0;;;;177.0;114.0;;;;;118.0;
kiplinger.com;;114.0;107.0;;111.0;;;112.0;;;;114.0;125.0;137.0;127.0;;107.0;128.0;146.0;116.0;147.0;
lonelyplanet.com;;110.0;;;146.0;138.0;;;;;;114.0;104.0;107.0;;;;107.0;124.0;102.0;154.0;
radaronline.com;;105.0;102.0;126.0;;;121.0;;;101.0;111.0;125.0;128.0;110.0;;;108.0;105.0;103.0;113.0;;
bodybuilding.com;;110.0;;118.0;;139.0;;126.0;;157.0;172.0;106.0;;;;;104.0;;105.0;103.0;;102.0
gamezone.com;;113.0;;125.0;192.0;;;105.0;125.0;120.0;111.0;;;;167.0;122.0;;;;;108.0;106.0
psychologytoday.com;;115.0;103.0;;106.0;;110.0;;;168.0;121.0;101.0;;;;107.0;;;;109.0;114.0;
livestream.com;;112.0;;109.0;129.0;;;113.0;;216.0;;;;;;123.0;;;;;;111.0
buy.com;;112.0;;106.0;184.0;;;119.0;;;124.0;121.0;108.0;107.0;;;;110.0;109.0;104.0;129.0;
celebuzz.com;110.0;;;109.0;108.0;174.0;;104.0;106.0;159.0;140.0;;;;;;114.0;;101.0;;104.0;110.0
usbank.com;;105.0;111.0;;;;108.0;;;;144.0;114.0;106.0;109.0;;;;110.0;106.0;111.0;;
neoseeker.com;140.0;;;;205.0;142.0;;104.0;245.0;170.0;;;;;;;;;106.0;;;129.0
aarp.org;;163.0;107.0;122.0;;;117.0;;;;;;129.0;294.0;366.0;114.0;;;;;110.0;104.0
jezebel.com;;125.0;107.0;;119.0;;;102.0;;154.0;161.0;115.0;;;;101.0;;;;127.0;124.0;
eonline.com;;108.0;103.0;;;;118.0;;;127.0;112.0;115.0;113.0;102.0;;;102.0;102.0;103.0;115.0;108.0;
job.com;109.0;;;282.0;107.0;148.0;114.0;;;144.0;116.0;105.0;108.0;;;118.0;;;;;;110.0
pof.com;;121.0;112.0;;;;;113.0;;;110.0;116.0;155.0;;;111.0;105.0;;;;129.0;
joann.com;;124.0;118.0;;;;141.0;;;;113.0;104.0;120.0;160.0;167.0;;;112.0;;105.0;101.0;
armorgames.com;159.0;;;;218.0;149.0;104.0;;323.0;104.0;;;;;;;;;128.0;;;130.0
famousfootwear.com;122.0;;;112.0;;104.0;126.0;;111.0;;128.0;119.0;;;;;;119.0;;102.0;;102.0
sciencenewsstories.com;;116.0;;120.0;198.0;;102.0;;136.0;;108.0;;;;220.0;122.0;;;;;118.0;104.0
cdkitchen.com;;101.0;107.0;;;;126.0;;;;101.0;107.0;115.0;121.0;;;105.0;;;107.0;;
mapsofworld.com;103.0;;;;105.0;102.0;105.0;;;111.0;;;106.0;103.0;;;;102.0;102.0;104.0;112.0;
cnn.com;;124.0;103.0;;136.0;;;118.0;;;112.0;125.0;120.0;132.0;139.0;;;106.0;123.0;107.0;147.0;
contactmusic.com;;108.0;101.0;114.0;;;103.0;;;129.0;111.0;114.0;108.0;101.0;;;;101.0;;112.0;101.0;
driverswhoknow.com;;115.0;;122.0;171.0;;103.0;;134.0;;108.0;;;;190.0;120.0;;;;;113.0;104.0
kongregate.com;151.0;;;;266.0;171.0;;112.0;263.0;151.0;;;;;;;108.0;124.0;;;;122.0
medallia.com;;134.0;115.0;;;;109.0;;;;;;124.0;188.0;227.0;;;122.0;111.0;107.0;128.0;
flashdriven.com;;114.0;;125.0;195.0;;102.0;;135.0;;;;;;189.0;117.0;;;;;108.0;105.0
democraticunderground.com;;135.0;110.0;;;;104.0;;;;;121.0;144.0;134.0;160.0;;113.0;131.0;;106.0;146.0;
nytimes.com;;134.0;;105.0;142.0;;;109.0;;;107.0;114.0;118.0;136.0;158.0;;;;136.0;;212.0;
dailyfinance.com;;126.0;104.0;148.0;;;;117.0;;;124.0;;131.0;133.0;140.0;;;115.0;119.0;101.0;145.0;
tcm.com;;166.0;110.0;;;;;107.0;;;;;151.0;194.0;205.0;125.0;101.0;;101.0;;126.0;
epicurious.com;;133.0;111.0;;;;121.0;;;;105.0;122.0;125.0;154.0;181.0;;;;137.0;106.0;143.0;
jest.com;;117.0;102.0;109.0;155.0;;;106.0;117.0;122.0;112.0;;;;179.0;119.0;;;;;110.0;
ncl.com;;152.0;112.0;;;;109.0;;;;;103.0;142.0;197.0;238.0;;;132.0;121.0;102.0;132.0;
globalnewsstories.com;;117.0;;129.0;203.0;;103.0;;134.0;;106.0;;;;196.0;121.0;;;;;113.0;105.0
ask.com;117.0;;;166.0;;128.0;111.0;;;133.0;103.0;122.0;105.0;;;;;103.0;101.0;;;116.0
webmd.com;;110.0;109.0;;;;117.0;;;;133.0;118.0;110.0;119.0;120.0;;;105.0;101.0;104.0;;
answerbag.com;109.0;;;129.0;109.0;115.0;;101.0;;147.0;129.0;121.0;;;;;;;106.0;;;102.0
dermstore.com;;128.0;;158.0;139.0;;122.0;;;;151.0;146.0;104.0;114.0;121.0;;;119.0;101.0;108.0;135.0;
legacy.com;;116.0;111.0;;;;116.0;;;;;102.0;132.0;147.0;155.0;;107.0;106.0;;102.0;;
christianmingle.com;;117.0;101.0;137.0;;;109.0;;;;138.0;132.0;131.0;102.0;;115.0;101.0;;103.0;105.0;;
ancestry.com;;131.0;114.0;;;;119.0;;;;;;111.0;165.0;227.0;114.0;;;104.0;;;107.0
dallasnews.com;;111.0;;175.0;;122.0;;104.0;;;116.0;130.0;115.0;111.0;111.0;;;107.0;116.0;107.0;137.0;
nationalgeographic.com;;107.0;106.0;;;;;104.0;;136.0;104.0;105.0;105.0;103.0;;101.0;;101.0;;110.0;116.0;
egotvonline.com;;107.0;103.0;105.0;123.0;;;105.0;142.0;;106.0;;;;156.0;114.0;;;;;111.0;
superiorpics.com;;119.0;;120.0;;103.0;;135.0;;;133.0;131.0;112.0;;;;102.0;;102.0;105.0;;
choicehotels.com;;116.0;114.0;;;;104.0;;;;;110.0;123.0;147.0;146.0;;;127.0;110.0;108.0;120.0;
allmenus.com;;105.0;101.0;109.0;;;110.0;;;112.0;109.0;106.0;107.0;102.0;;;;101.0;101.0;107.0;104.0;
pogo.com;;108.0;109.0;106.0;;;139.0;;;;;;118.0;137.0;137.0;133.0;107.0;;;;;140.0
health.com;;119.0;106.0;;;;124.0;;;106.0;107.0;106.0;116.0;124.0;109.0;;105.0;103.0;;114.0;118.0;
cardomain.com;;102.0;102.0;105.0;;;;122.0;128.0;138.0;;;;;;108.0;;;;;;118.0
opentable.com;;136.0;;;239.0;;114.0;;;;145.0;129.0;107.0;118.0;;;;108.0;169.0;114.0;195.0;
diettastic.com;;113.0;;119.0;189.0;;102.0;;140.0;;103.0;;;;174.0;118.0;;;;;112.0;104.0
brainyquote.com;;103.0;;114.0;;;110.0;;;161.0;;;;;;110.0;;;;103.0;;
king5.com;;118.0;113.0;;142.0;;106.0;;;;116.0;129.0;110.0;144.0;123.0;;;;124.0;112.0;101.0;
sing365.com;128.0;;;;159.0;164.0;104.0;;230.0;199.0;;;;;;;;102.0;112.0;;;124.0
papajohns.com;108.0;;;154.0;;;109.0;;;102.0;171.0;133.0;;;;;107.0;;104.0;108.0;;
gawker.com;;123.0;107.0;;111.0;;;118.0;;145.0;154.0;118.0;;;;;;102.0;108.0;125.0;126.0;
sciencedaily.com;;109.0;107.0;;103.0;;;105.0;;132.0;108.0;105.0;106.0;109.0;;;;105.0;103.0;108.0;122.0;
dorkly.com;;127.0;112.0;;;;;157.0;;318.0;142.0;;;;;129.0;;;;108.0;;104.0
whitepages.com;;110.0;110.0;;;;119.0;;;;;105.0;131.0;140.0;131.0;;108.0;108.0;103.0;104.0;105.0;
cooks.com;;108.0;111.0;;;;117.0;;;;122.0;116.0;107.0;118.0;112.0;;;104.0;113.0;104.0;;
shoecarnival.com;134.0;;;188.0;;;122.0;;157.0;112.0;118.0;;;;;;105.0;113.0;;;;111.0
si.com;102.0;;108.0;;;;;137.0;;;119.0;123.0;124.0;118.0;103.0;;109.0;134.0;148.0;118.0;154.0;
artofmanliness.com;;116.0;107.0;;112.0;;;124.0;;188.0;128.0;101.0;;;;105.0;;;;114.0;107.0;
ranker.com;;109.0;103.0;;;;;119.0;;163.0;109.0;103.0;;;;107.0;;;;107.0;;
sportsauthority.com;120.0;;;;113.0;109.0;;103.0;135.0;;106.0;112.0;;;;;;124.0;115.0;107.0;109.0;
confirmit.com;;109.0;111.0;;;;126.0;;;;113.0;112.0;123.0;147.0;129.0;;;108.0;101.0;102.0;105.0;
primarygames.com;132.0;;;146.0;;101.0;105.0;;195.0;;;;;;;103.0;;;;;;104.0
wunderground.com;;107.0;109.0;;;;;109.0;;;;109.0;120.0;127.0;120.0;;107.0;115.0;113.0;110.0;118.0;
superpages.com;;110.0;;112.0;;102.0;109.0;;;;121.0;122.0;116.0;114.0;;;;107.0;114.0;104.0;106.0;
shape.com;;118.0;104.0;;101.0;;136.0;;;139.0;128.0;108.0;105.0;;;101.0;101.0;;;122.0;115.0;
droidforums.net;;101.0;101.0;;130.0;;;128.0;;145.0;123.0;111.0;;;;;;103.0;;109.0;;
gardenweb.com;;101.0;109.0;;103.0;;106.0;;;;109.0;112.0;118.0;124.0;;;109.0;113.0;107.0;112.0;116.0;
baby-gaga.com;133.0;;;127.0;;108.0;141.0;;;149.0;169.0;109.0;;;;120.0;;;;;;115.0
pissedconsumer.com;;114.0;;107.0;;124.0;104.0;;;;124.0;119.0;130.0;122.0;;;;108.0;111.0;;120.0;
celebritynewsstories.com;;113.0;101.0;113.0;187.0;;102.0;;132.0;;114.0;;;;216.0;121.0;;;;;121.0;103.0
bookingbuddy.com;;129.0;;125.0;109.0;121.0;114.0;;;;;108.0;130.0;171.0;187.0;;;106.0;113.0;;122.0;
mycokerewards.com;105.0;;108.0;;;;110.0;;;;115.0;136.0;112.0;;;;104.0;104.0;101.0;;;107.0
flightaware.com;;111.0;107.0;;108.0;;;116.0;;;;112.0;125.0;136.0;125.0;;109.0;126.0;141.0;116.0;135.0;
alaskaair.com;;131.0;109.0;;164.0;;111.0;;;;106.0;119.0;124.0;163.0;154.0;;;113.0;128.0;116.0;136.0;
rainyafternoonactivities.com;;106.0;;102.0;183.0;103.0;102.0;;146.0;;;;;;110.0;105.0;;;;;108.0;101.0
coolmath4kids.com;146.0;;;131.0;;158.0;;105.0;229.0;;;;;;;;102.0;105.0;108.0;;110.0;
dogbreedinfo.com;120.0;;109.0;;;;113.0;;;116.0;113.0;123.0;;;;;;110.0;116.0;102.0;;
menuism.com;;;;;;;111.0;;;;;;;;;;;;;;;
bleacherreport.com;;105.0;105.0;;;;;126.0;;121.0;110.0;110.0;106.0;101.0;;;103.0;108.0;109.0;111.0;115.0;
straightdope.com;;108.0;104.0;;110.0;;;109.0;;154.0;114.0;106.0;101.0;;;104.0;;;;108.0;105.0;
familyhandyman.com;;130.0;120.0;;;;;116.0;;;;122.0;149.0;113.0;188.0;;116.0;121.0;;;105.0;119.0
thinkprogress.org;;131.0;109.0;;;;;119.0;;129.0;117.0;113.0;109.0;126.0;105.0;;101.0;107.0;103.0;119.0;149.0;
io9.com;;118.0;109.0;;115.0;;;139.0;;183.0;159.0;113.0;;;;108.0;;;;123.0;;
people.com;;103.0;103.0;;;;137.0;;;;127.0;125.0;117.0;111.0;;;108.0;108.0;114.0;115.0;113.0;
cars.com;101.0;;;117.0;116.0;158.0;;115.0;;135.0;131.0;105.0;;;;;;102.0;111.0;103.0;;
safeway.com;;115.0;;118.0;155.0;135.0;121.0;;;111.0;119.0;113.0;115.0;111.0;118.0;103.0;;;106.0;106.0;105.0;
theweek.com;;121.0;107.0;;110.0;;;111.0;;120.0;113.0;105.0;103.0;109.0;125.0;;102.0;104.0;105.0;112.0;140.0;
ign.com;128.0;;;130.0;128.0;148.0;;111.0;207.0;178.0;;;;;;101.0;102.0;;;;;130.0
chuckecheese.com;163.0;;;146.0;;191.0;117.0;;;;151.0;149.0;;;;;111.0;113.0;;101.0;;102.0
wwe.com;106.0;;;136.0;;;;115.0;128.0;141.0;;;;;;120.0;;;;;;119.0
allrecipes.com;;106.0;112.0;;;;124.0;;;;131.0;120.0;101.0;114.0;124.0;;;109.0;104.0;106.0;;
bhealthyforever.com;;114.0;;113.0;189.0;;102.0;;136.0;;111.0;;;;207.0;121.0;;;;;120.0;103.0
salliemae.com;108.0;;;211.0;;112.0;114.0;;;137.0;174.0;109.0;;;;;107.0;114.0;;120.0;109.0;
hallmark.com;;132.0;113.0;;;;129.0;;;;109.0;115.0;115.0;159.0;200.0;;;104.0;106.0;103.0;110.0;
ml.com;;148.0;111.0;;;;;118.0;;;;;131.0;215.0;273.0;;;109.0;135.0;112.0;140.0;
businessinsider.com;;150.0;;;254.0;;;130.0;;;;112.0;163.0;166.0;168.0;;;;149.0;105.0;181.0;
tributes.com;;112.0;111.0;;;;116.0;;;;;103.0;130.0;140.0;138.0;;107.0;105.0;;104.0;103.0;
softpedia.com;;;;138.0;159.0;138.0;;123.0;112.0;167.0;112.0;;;;;123.0;;;;;;114.0
livemixtapes.com;;113.0;;287.0;;;;107.0;149.0;147.0;;;;;;122.0;;;;;;117.0
myfabulousheels.com;;116.0;;125.0;214.0;;102.0;;136.0;;105.0;;;;187.0;119.0;;;;;114.0;104.0
si.edu;109.0;;;104.0;119.0;102.0;106.0;;110.0;;;110.0;;;;;;111.0;116.0;104.0;135.0;
wildtangent.com;104.0;;;111.0;;;108.0;;125.0;;;;104.0;108.0;125.0;106.0;;;;;;110.0
simplyrecipes.com;;104.0;106.0;;;;122.0;;;107.0;111.0;108.0;109.0;112.0;;;103.0;101.0;;110.0;105.0;
groupon.com;;138.0;103.0;105.0;167.0;;126.0;;;;110.0;107.0;148.0;106.0;;;;108.0;135.0;;165.0;
rei.com;;123.0;116.0;;117.0;;;110.0;;;135.0;150.0;117.0;112.0;;;;112.0;129.0;122.0;167.0;
peoplestylewatch.com;;105.0;;;;125.0;155.0;;;103.0;149.0;129.0;107.0;;;;109.0;109.0;122.0;121.0;116.0;
acehardware.com;;133.0;114.0;;;;;104.0;;;102.0;113.0;132.0;167.0;170.0;;;107.0;106.0;101.0;103.0;
gap.com;129.0;;;112.0;161.0;115.0;118.0;;;109.0;199.0;136.0;;;;;;125.0;109.0;120.0;122.0;
yellow.com;;102.0;;143.0;;129.0;102.0;;;125.0;130.0;115.0;;;;;;108.0;107.0;;;108.0
orientaltrading.com;133.0;;108.0;;;;127.0;;;;138.0;136.0;;;;;101.0;120.0;;113.0;105.0;
charlotteobserver.com;;103.0;107.0;120.0;;;;113.0;;;;120.0;140.0;136.0;112.0;;115.0;125.0;125.0;114.0;136.0;
wnd.com;;112.0;113.0;;;;;124.0;;;;110.0;133.0;156.0;213.0;;116.0;126.0;122.0;115.0;125.0;
pcmag.com;;136.0;102.0;;129.0;;;132.0;;;;111.0;131.0;147.0;149.0;;;;118.0;107.0;133.0;
shopping.com;;110.0;;117.0;;110.0;102.0;;;;;111.0;111.0;124.0;122.0;;;105.0;109.0;;102.0;103.0
kaspersky.com;;121.0;;;;127.0;;112.0;;;102.0;120.0;135.0;124.0;116.0;116.0;;;102.0;;104.0;
golflink.com;;126.0;114.0;;;;;118.0;;;;109.0;141.0;165.0;149.0;;;123.0;141.0;109.0;136.0;
movierecipes.net;;116.0;;107.0;215.0;;101.0;;130.0;;118.0;;;;234.0;123.0;;;;;124.0;103.0
vanguard.com;;155.0;112.0;;190.0;;;127.0;;;;109.0;145.0;214.0;275.0;;;112.0;135.0;107.0;203.0;
onetravel.com;;113.0;;118.0;152.0;188.0;111.0;;;;103.0;116.0;123.0;134.0;124.0;;;106.0;119.0;;121.0;
computerworld.com;;132.0;;123.0;140.0;;;127.0;;;109.0;118.0;123.0;141.0;133.0;102.0;;;112.0;110.0;138.0;
hayneedle.com;;115.0;111.0;;;;107.0;;;;112.0;130.0;130.0;147.0;114.0;;;118.0;136.0;;104.0;111.0
wired.com;;118.0;;;113.0;111.0;;121.0;;122.0;117.0;114.0;103.0;;;;;;111.0;106.0;124.0;
hollywoodreporter.com;;115.0;105.0;;;;;106.0;;123.0;114.0;116.0;114.0;108.0;;;105.0;109.0;114.0;120.0;122.0;
victoriassecret.com;111.0;;;;128.0;126.0;119.0;;;134.0;157.0;116.0;;;;;;114.0;111.0;111.0;;
telegraph.co.uk;;134.0;106.0;;;;;118.0;;;105.0;119.0;127.0;134.0;162.0;;;;133.0;102.0;180.0;
winzip.com;;110.0;;145.0;116.0;110.0;;114.0;;107.0;109.0;113.0;110.0;105.0;;116.0;;;102.0;;104.0;101.0
southparkstudios.com;;125.0;107.0;;;;;147.0;110.0;262.0;110.0;;;;;134.0;;;;;;116.0
dslreports.com;;116.0;;109.0;122.0;;;123.0;;134.0;133.0;113.0;;;;;;101.0;112.0;;112.0;
macys.com;;109.0;;162.0;209.0;160.0;122.0;;;119.0;146.0;124.0;;;;;;110.0;120.0;108.0;111.0;
cbslocal.com;;122.0;;;150.0;;105.0;;;112.0;116.0;125.0;110.0;114.0;122.0;;;;117.0;;;102.0
investors.com;;117.0;111.0;;102.0;;;137.0;;;;114.0;128.0;156.0;219.0;;113.0;144.0;186.0;115.0;172.0;
boston.com;;132.0;107.0;;106.0;;;107.0;;;102.0;131.0;122.0;138.0;148.0;;;;133.0;107.0;169.0;
womensforum.com;;112.0;;110.0;198.0;;101.0;;142.0;;106.0;;;;176.0;118.0;;;;;116.0;104.0
rightdiagnosis.com;;135.0;;157.0;;107.0;101.0;;;;;128.0;162.0;149.0;105.0;156.0;143.0;;;;;107.0
instyle.com;;115.0;;;118.0;113.0;138.0;;;125.0;131.0;116.0;108.0;;;;103.0;107.0;117.0;122.0;120.0;
pickyourown.org;101.0;;117.0;;;;111.0;;;;125.0;123.0;106.0;113.0;103.0;;102.0;111.0;106.0;108.0;106.0;
lifehacker.com;;108.0;104.0;;152.0;;;136.0;;156.0;150.0;116.0;;;;;102.0;108.0;101.0;121.0;112.0;
sportsmansguide.com;;122.0;117.0;;;;;131.0;;;;125.0;156.0;162.0;;;;123.0;;;;107.0
ratemyprofessors.com;;106.0;;132.0;153.0;102.0;111.0;;;246.0;106.0;;;;;119.0;;;;109.0;;
makeuseof.com;;111.0;;112.0;;222.0;;126.0;;182.0;;;;;;144.0;;;;;;114.0
redlobster.com;;114.0;;129.0;;102.0;120.0;;;113.0;112.0;115.0;120.0;110.0;114.0;;;;117.0;;;108.0
urbanspoon.com;;129.0;;;205.0;129.0;103.0;;;118.0;141.0;126.0;;;;;;106.0;136.0;103.0;156.0;
terapeak.com;;107.0;104.0;105.0;;;;105.0;;;;105.0;189.0;113.0;;;;146.0;;;;113.0
talkingpointsmemo.com;121.0;121.0;121.0;121.0;121.0;121.0;;121.0;;112.0;124.0;116.0;106.0;132.0;105.0;;103.0;120.0;128.0;119.0;179.0;
npr.org;;124.0;;130.0;109.0;;;104.0;;101.0;113.0;116.0;120.0;126.0;108.0;;;104.0;114.0;104.0;182.0;
checkcreditratingforfree.com;;108.0;;;236.0;;;102.0;155.0;;;;;;103.0;106.0;;;;;111.0;101.0
tinyurl.com;;109.0;101.0;;117.0;;;109.0;;157.0;107.0;;;;;107.0;;;;106.0;106.0;
staples.com;;120.0;;113.0;133.0;;101.0;;;;108.0;123.0;121.0;131.0;133.0;;;108.0;104.0;101.0;120.0;
yolasite.com;130.0;;;225.0;;106.0;;;169.0;114.0;;;;;;;112.0;;117.0;;;119.0
thesaurus.com;;104.0;;105.0;130.0;106.0;108.0;;;171.0;;;;;;106.0;;;;111.0;120.0;
rantsports.com;;111.0;102.0;105.0;161.0;;;111.0;106.0;101.0;115.0;;;;163.0;111.0;;;;;116.0;
theonion.com;;127.0;112.0;;;;;122.0;;170.0;139.0;109.0;;;;101.0;;;;122.0;132.0;
babiesrus.com;;101.0;111.0;;;;116.0;;;103.0;262.0;115.0;;;;;;150.0;;119.0;;
adobe.com;;107.0;;140.0;;115.0;106.0;;;106.0;;;102.0;113.0;122.0;;;;104.0;;;106.0
sun-sentinel.com;;133.0;;173.0;;101.0;;111.0;;;121.0;116.0;120.0;133.0;150.0;;;;127.0;103.0;124.0;
mycricket.com;126.0;;;252.0;;224.0;110.0;;113.0;181.0;123.0;;;;;156.0;107.0;;;;;122.0
nowpublic.com;;106.0;;117.0;117.0;;;107.0;;138.0;107.0;106.0;102.0;;;104.0;;;;104.0;101.0;
jalopnik.com;;107.0;107.0;;128.0;;;150.0;;139.0;157.0;121.0;;;;;105.0;112.0;107.0;124.0;102.0;
pbworks.com;103.0;;101.0;;109.0;;106.0;;;133.0;;;;;;102.0;;;;106.0;119.0;
bloomberg.com;;142.0;105.0;;215.0;;;135.0;;;;122.0;128.0;160.0;171.0;;;;148.0;101.0;204.0;
tigerdirect.com;;125.0;;155.0;103.0;;;140.0;;;105.0;112.0;125.0;138.0;121.0;110.0;102.0;;;;101.0;102.0
healththeater.com;;110.0;;115.0;206.0;;102.0;;139.0;;104.0;;;;146.0;115.0;;;;;112.0;104.0
ivillage.com;;112.0;105.0;;;;121.0;;;120.0;119.0;108.0;105.0;105.0;;103.0;101.0;;;111.0;107.0;
rr.com;;115.0;103.0;;;;103.0;;;;;111.0;113.0;124.0;138.0;;;;129.0;;113.0;
androidcentral.com;101.0;;;;140.0;106.0;;131.0;;143.0;128.0;114.0;;;;;101.0;104.0;;111.0;;
vitacost.com;;139.0;105.0;;;;108.0;;;;;125.0;138.0;165.0;188.0;;;108.0;107.0;104.0;128.0;
wellentertainment.com;;114.0;;116.0;181.0;;102.0;;134.0;;111.0;;;;205.0;121.0;;;;;118.0;103.0
minecraftwiki.net;104.0;;104.0;;107.0;;;118.0;120.0;200.0;;;;;;125.0;;;;;;120.0
mywebgrocer.com;;121.0;;185.0;;;121.0;;;;113.0;140.0;121.0;136.0;133.0;;;107.0;108.0;;105.0;108.0
harvard.edu;;102.0;;126.0;161.0;110.0;105.0;;;122.0;112.0;115.0;101.0;;;;;;121.0;;176.0;
comodo.com;;109.0;;144.0;;;;106.0;;104.0;;104.0;124.0;128.0;;;;;117.0;;107.0;
revolutionmyspace.com;;113.0;101.0;109.0;174.0;;;102.0;139.0;;108.0;;;;194.0;120.0;;;;;117.0;104.0
starwoodhotels.com;;113.0;;137.0;122.0;;107.0;;;;128.0;143.0;120.0;112.0;;;;119.0;139.0;114.0;150.0;
songlyrics.com;;107.0;102.0;102.0;;;106.0;;;179.0;;;;;;115.0;;;;101.0;;104.0
ladyshopspot.com;;115.0;;126.0;198.0;;103.0;;136.0;;106.0;;;;183.0;120.0;;;;;113.0;104.0
allonlinedegrees.com;;107.0;;;218.0;;;101.0;149.0;;;;;;110.0;105.0;;;;;112.0;
clevercoinsonline.com;;115.0;;120.0;184.0;;103.0;;137.0;;108.0;;;;200.0;121.0;;;;;115.0;104.0
awesomeabroad.com;;117.0;;127.0;222.0;;103.0;;136.0;102.0;107.0;;;;196.0;122.0;;;;;115.0;105.0
newsok.com;;;108.0;;;;;115.0;;;;114.0;141.0;127.0;;;109.0;113.0;;115.0;105.0;
starbucks.com;;108.0;;;140.0;131.0;116.0;;;125.0;137.0;120.0;;;;;;111.0;118.0;116.0;121.0;
bestbuy.com;;102.0;;109.0;130.0;135.0;;107.0;;113.0;135.0;116.0;;;;;;111.0;;103.0;;
reachlocal.com;;110.0;;146.0;;142.0;103.0;;;;120.0;123.0;112.0;113.0;;;;110.0;109.0;;106.0;
google.com;104.0;;;108.0;120.0;121.0;;102.0;107.0;137.0;109.0;;;;;;;105.0;115.0;;110.0;
alternet.org;;134.0;111.0;;;;;118.0;;145.0;114.0;106.0;103.0;126.0;119.0;104.0;;;;115.0;134.0;
sho.com;;122.0;;169.0;;149.0;111.0;;;112.0;127.0;115.0;126.0;;;;101.0;;114.0;106.0;;
priceline.com;;109.0;;131.0;113.0;105.0;108.0;;;;129.0;123.0;117.0;116.0;;;;118.0;113.0;107.0;126.0;
addictinginfo.org;;130.0;111.0;;;;;115.0;;157.0;117.0;109.0;105.0;110.0;;108.0;;;;117.0;117.0;
discoverbing.com;;143.0;;101.0;;135.0;;117.0;;;;;123.0;208.0;191.0;110.0;111.0;;104.0;;;102.0
reference.com;101.0;;;109.0;115.0;105.0;106.0;;;141.0;;;;;;105.0;;;;106.0;111.0;
golf.com;103.0;;109.0;;;;;145.0;;;113.0;124.0;136.0;131.0;120.0;;109.0;152.0;182.0;118.0;173.0;
deadline.com;;113.0;111.0;;;;;125.0;;;107.0;123.0;126.0;125.0;134.0;;114.0;129.0;139.0;125.0;143.0;
dish.com;104.0;;;;;128.0;;116.0;110.0;;;;119.0;124.0;;154.0;107.0;;;;;111.0
washingtontimes.com;;113.0;114.0;;;;;136.0;;;;119.0;141.0;157.0;187.0;;120.0;147.0;164.0;120.0;166.0;
thehill.com;;114.0;113.0;;;;;135.0;;;;117.0;140.0;161.0;194.0;;118.0;150.0;174.0;118.0;183.0;
royalcaribbean.com;;142.0;109.0;101.0;;;109.0;;;;102.0;104.0;133.0;185.0;207.0;;;131.0;120.0;101.0;115.0;
autotrader.com;105.0;;;111.0;;139.0;;115.0;;136.0;138.0;107.0;;;;;;112.0;107.0;;;106.0
delta.com;;129.0;101.0;108.0;;;108.0;;;;111.0;122.0;123.0;156.0;156.0;;;113.0;128.0;109.0;153.0;
modelmayhem.com;;124.0;;246.0;125.0;;;112.0;;197.0;155.0;111.0;;;;102.0;104.0;;115.0;;;108.0
bravotv.com;;111.0;;134.0;;;135.0;;;114.0;118.0;117.0;114.0;;;;103.0;;101.0;116.0;103.0;
addictinggames.com;150.0;;103.0;;130.0;105.0;104.0;;302.0;130.0;;;;;;;;115.0;112.0;;;126.0
newegg.com;;120.0;;;200.0;;;143.0;;132.0;128.0;107.0;109.0;;;;103.0;;;104.0;;
drugstore.com;;129.0;105.0;;;;120.0;;;;122.0;125.0;119.0;144.0;155.0;;;102.0;113.0;101.0;116.0;
caranddriver.com;;120.0;;139.0;138.0;114.0;;135.0;;118.0;151.0;111.0;;;;;;108.0;116.0;111.0;106.0;
tvline.com;;116.0;105.0;;104.0;;115.0;;;156.0;120.0;113.0;102.0;;;105.0;;;;120.0;109.0;
pepboys.com;;101.0;101.0;;;;;108.0;;104.0;;104.0;109.0;103.0;;;101.0;;;102.0;;
allstateagencies.com;;108.0;;154.0;;153.0;103.0;;;;121.0;141.0;149.0;112.0;;;122.0;118.0;;108.0;;104.0
autonewsstories.com;;118.0;;129.0;211.0;;103.0;;135.0;101.0;106.0;;;;201.0;121.0;;;;;114.0;105.0
huffingtonpost.com;;118.0;103.0;;;;102.0;;;103.0;102.0;112.0;122.0;130.0;128.0;;105.0;108.0;110.0;112.0;121.0;
g4tv.com;;110.0;102.0;;112.0;;;136.0;;223.0;118.0;;;;;123.0;;;;;;115.0
examiner.com;;107.0;102.0;111.0;;;103.0;;;134.0;110.0;110.0;108.0;;;101.0;;;;110.0;105.0;
reuters.com;;141.0;105.0;;207.0;;;132.0;;;;120.0;134.0;161.0;197.0;;;102.0;136.0;109.0;180.0;
modernman.com;;116.0;;121.0;211.0;;101.0;;129.0;101.0;110.0;;;;194.0;120.0;;;;;115.0;104.0
greatschools.org;113.0;;;124.0;110.0;101.0;118.0;;;105.0;;106.0;104.0;;;;;101.0;;104.0;113.0;
capitalone.com;;102.0;;126.0;;109.0;111.0;;;;127.0;118.0;113.0;105.0;;;102.0;111.0;101.0;105.0;;
vitals.com;;106.0;104.0;;;;116.0;;;;101.0;108.0;118.0;123.0;108.0;;106.0;112.0;119.0;108.0;126.0;
cheatcc.com;104.0;;;122.0;;;;114.0;126.0;162.0;;;;;;119.0;;;;;;119.0
9news.com;;117.0;109.0;;;105.0;102.0;;;;117.0;148.0;119.0;110.0;108.0;;;;131.0;106.0;139.0;
engadget.com;;108.0;;120.0;176.0;145.0;;129.0;;145.0;126.0;;;;;;;101.0;115.0;102.0;102.0;
whosdatedwho.com;;103.0;;138.0;;;113.0;;;136.0;;107.0;107.0;;;106.0;;;;105.0;;
ehealthforum.com;;106.0;104.0;;;;111.0;;;125.0;169.0;145.0;;;;;113.0;;;105.0;;
revolvermaps.com;;103.0;;233.0;;;;107.0;;;154.0;111.0;;112.0;;;;;131.0;111.0;;
filehippo.com;;120.0;;106.0;;116.0;;125.0;;135.0;117.0;;114.0;115.0;106.0;119.0;;;102.0;;;116.0
coupons.com;;113.0;112.0;;;;126.0;;;;107.0;112.0;117.0;144.0;169.0;;105.0;102.0;;;;105.0
bestmomstv.com;;109.0;103.0;110.0;138.0;;103.0;;145.0;;104.0;;;;190.0;118.0;;;;;110.0;104.0
tvguide.com;;131.0;107.0;;;;108.0;;;;122.0;111.0;123.0;129.0;104.0;115.0;103.0;;103.0;106.0;103.0;
tampabay.com;;114.0;110.0;;;;;117.0;;;;113.0;127.0;128.0;115.0;;108.0;120.0;119.0;114.0;124.0;
thebeautygirl.com;;117.0;;124.0;194.0;;104.0;;146.0;;102.0;;;;202.0;123.0;;;;;112.0;105.0
freeridegames.com;;101.0;;138.0;;136.0;116.0;;108.0;;;;118.0;145.0;226.0;120.0;;;;;;135.0
walgreens.com;;115.0;;121.0;101.0;;120.0;;;105.0;126.0;112.0;102.0;124.0;128.0;101.0;101.0;103.0;;102.0;;
merriam-webster.com;;103.0;;103.0;117.0;;103.0;;;130.0;;102.0;108.0;;;;;102.0;103.0;111.0;128.0;
seekingalpha.com;;119.0;109.0;;155.0;;;137.0;;;;116.0;121.0;151.0;196.0;;108.0;142.0;199.0;114.0;169.0;
usatoday.com;;130.0;108.0;;;;;109.0;;;;122.0;131.0;157.0;193.0;;;103.0;115.0;103.0;125.0;
zvents.com;;101.0;102.0;;;;109.0;;;102.0;;104.0;111.0;107.0;;;102.0;103.0;;105.0;103.0;
milb.com;;103.0;116.0;;;;;118.0;;;114.0;127.0;111.0;;;;127.0;116.0;;110.0;131.0;
education.com;;;;127.0;145.0;;108.0;;;;;;;;;113.0;;;;;121.0;
metropcs.com;130.0;;;381.0;;306.0;111.0;;116.0;175.0;126.0;;;;;149.0;109.0;;;;;123.0
salon.com;;129.0;108.0;;;;;112.0;;123.0;115.0;110.0;106.0;123.0;121.0;;103.0;111.0;113.0;115.0;164.0;
frommers.com;;115.0;104.0;;123.0;;108.0;;;;111.0;112.0;119.0;127.0;108.0;;107.0;123.0;144.0;116.0;144.0;
latimes.com;;126.0;;;209.0;191.0;;113.0;;111.0;116.0;118.0;114.0;115.0;122.0;;;;130.0;107.0;162.0;
cbc.ca;;119.0;101.0;;146.0;;;116.0;;;119.0;128.0;109.0;102.0;119.0;;;;125.0;101.0;151.0;
webs.com;122.0;;;106.0;115.0;101.0;101.0;;151.0;128.0;;;;;;;;110.0;108.0;;;117.0
cookinglight.com;;113.0;110.0;;;;135.0;;;;112.0;110.0;118.0;129.0;105.0;;109.0;107.0;;117.0;118.0;
life123.com;101.0;;102.0;102.0;;;115.0;;;102.0;;103.0;110.0;110.0;;101.0;101.0;;;103.0;;
smosh.com;;103.0;103.0;;110.0;;;107.0;130.0;231.0;;;;;;128.0;;;;;;121.0
politifact.com;;124.0;112.0;;;;;124.0;;109.0;102.0;111.0;122.0;138.0;132.0;;107.0;119.0;118.0;118.0;151.0;
target.com;109.0;;;106.0;;110.0;117.0;;;;148.0;129.0;;;;;;112.0;101.0;107.0;;
tdameritrade.com;;152.0;;;375.0;;;132.0;;;;127.0;141.0;168.0;222.0;;;102.0;149.0;108.0;178.0;
business.com;;108.0;;179.0;;117.0;104.0;;;102.0;110.0;112.0;113.0;116.0;109.0;;;;105.0;;;107.0
pgatour.com;;146.0;108.0;;106.0;;;135.0;;;;114.0;137.0;211.0;221.0;;;125.0;134.0;116.0;153.0;
t-mobile.com;117.0;;;241.0;182.0;233.0;112.0;;101.0;164.0;133.0;;;;;121.0;107.0;;;;;110.0
thechive.com;;108.0;108.0;;104.0;;;139.0;;184.0;119.0;105.0;;102.0;;;;101.0;113.0;123.0;;
zamm.com;;109.0;;;229.0;103.0;;103.0;145.0;;;;;;108.0;105.0;;;;;114.0;
astrology.com;;115.0;;148.0;107.0;;127.0;;;125.0;;102.0;109.0;;;119.0;;;;;;112.0
beauty.com;;134.0;;;121.0;105.0;111.0;;;;122.0;130.0;121.0;113.0;113.0;;;116.0;104.0;123.0;116.0;
collegehumor.com;;116.0;103.0;;147.0;;;110.0;114.0;141.0;115.0;;;;138.0;110.0;110.0;110.0;110.0;;108.0;
latest-news-stories.com;;108.0;;;228.0;;;102.0;151.0;;;;;;115.0;108.0;;;;;112.0;101.0
sportsfascination.com;;109.0;103.0;110.0;122.0;;;;136.0;;103.0;;;;190.0;116.0;;;;;109.0;105.0
powerball.com;;136.0;109.0;;;;;119.0;;;;130.0;155.0;166.0;134.0;;;116.0;101.0;104.0;;
carnival.com;;122.0;104.0;130.0;;;113.0;;;;107.0;103.0;123.0;142.0;142.0;;;126.0;116.0;106.0;;
jsonline.com;;121.0;116.0;;;;;102.0;;;109.0;119.0;134.0;127.0;136.0;;;112.0;120.0;108.0;120.0;
irs.gov;;104.0;;148.0;;;112.0;;;;119.0;115.0;114.0;117.0;102.0;;102.0;102.0;;105.0;108.0;
king.com;122.0;;;175.0;;;137.0;;110.0;114.0;110.0;;101.0;;;127.0;103.0;;;;;128.0
dealer.com;;111.0;109.0;;;;;106.0;;;135.0;122.0;113.0;107.0;;;;131.0;;105.0;;
switchboard.com;;111.0;108.0;;;;114.0;;;;;106.0;130.0;136.0;125.0;;107.0;109.0;108.0;106.0;111.0;
survivingcollege.com;;112.0;;118.0;169.0;;102.0;;134.0;;109.0;;;;170.0;118.0;;;;;112.0;103.0
hautetalk.com;;117.0;;123.0;203.0;;102.0;;132.0;;112.0;;;;209.0;123.0;;;;;119.0;104.0
realclearpolitics.com;;124.0;107.0;;;;;128.0;;;;133.0;111.0;168.0;141.0;;;121.0;129.0;101.0;238.0;
fark.com;108.0;;108.0;;;;;127.0;;111.0;130.0;134.0;104.0;103.0;;;108.0;105.0;;121.0;;
onlinesportkit.com;;114.0;;119.0;184.0;;102.0;;133.0;;110.0;;;;197.0;120.0;;;;;116.0;103.0
deseretnews.com;121.0;;118.0;;;;;116.0;;;160.0;120.0;;;116.0;;110.0;106.0;;126.0;140.0;
softonic.com;115.0;;;170.0;103.0;317.0;;119.0;141.0;180.0;108.0;;;;;174.0;;;;;;138.0
steadyhealth.com;103.0;;;112.0;;;113.0;;;149.0;160.0;116.0;;;;;;102.0;106.0;107.0;102.0;
overstock.com;;110.0;104.0;114.0;;;117.0;;;;127.0;126.0;119.0;125.0;101.0;;;113.0;110.0;106.0;110.0;
kotaku.com;;110.0;104.0;;149.0;;;156.0;;229.0;157.0;;;;;118.0;;;;110.0;;
escapistmagazine.com;;121.0;110.0;;103.0;;;151.0;;285.0;130.0;;;;;129.0;;;;102.0;;108.0
zenfolio.com;;102.0;106.0;;;;110.0;;;106.0;109.0;109.0;109.0;105.0;;;104.0;106.0;103.0;111.0;111.0;
orlandosentinel.com;;127.0;107.0;;;;;101.0;;;102.0;119.0;126.0;142.0;182.0;;;;102.0;104.0;105.0;
qualityinn.com;;112.0;115.0;;;;101.0;;;;;105.0;121.0;132.0;117.0;;;126.0;115.0;109.0;110.0;
regions.com;;105.0;109.0;121.0;;;107.0;;;;122.0;114.0;114.0;122.0;;;106.0;108.0;101.0;109.0;;
awesomeoverseas.com;;115.0;;122.0;187.0;;103.0;;135.0;;109.0;;;;194.0;120.0;;;;;115.0;104.0
intuit.com;;;103.0;127.0;;;114.0;;;;124.0;121.0;116.0;109.0;;;;114.0;104.0;111.0;108.0;
sportingnews.com;;109.0;101.0;135.0;;;;138.0;;;132.0;152.0;108.0;;;;101.0;142.0;;115.0;108.0;
seattlepi.com;;141.0;103.0;;161.0;;;117.0;;;108.0;136.0;117.0;123.0;;;;;153.0;;141.0;
tulsaworld.com;;103.0;109.0;;;;;108.0;;;;107.0;138.0;120.0;;;106.0;103.0;;107.0;;
nationalreview.com;;111.0;114.0;;;;;135.0;;;;117.0;135.0;154.0;200.0;;118.0;147.0;178.0;116.0;186.0;
macrumors.com;;105.0;;;167.0;;;136.0;;158.0;133.0;118.0;;;;;101.0;110.0;109.0;119.0;119.0;
mommymixing.com;;113.0;;119.0;172.0;;103.0;;135.0;;110.0;;;;194.0;121.0;;;;;115.0;104.0
sodahead.com;;103.0;;105.0;;;;;;171.0;;;;;;112.0;;;;101.0;;103.0
whocallsme.com;;116.0;107.0;;;;;105.0;;;155.0;138.0;113.0;109.0;;;;105.0;117.0;107.0;102.0;
doityourself.com;;118.0;111.0;;;;;115.0;;;107.0;126.0;142.0;135.0;103.0;;;104.0;128.0;109.0;111.0;
newsmaxworld.com;;145.0;117.0;;;;;137.0;;;;;142.0;252.0;297.0;;182.0;104.0;;;125.0;
rawstory.com;;130.0;111.0;;;;;126.0;;150.0;127.0;113.0;101.0;117.0;;106.0;;;;118.0;120.0;
cheapoair.com;;116.0;;148.0;139.0;152.0;109.0;;;;108.0;110.0;121.0;140.0;137.0;;;107.0;111.0;;119.0;
foreverevergame.com;;107.0;;;207.0;;;102.0;148.0;;;;;;112.0;107.0;;;;;111.0;101.0
healthcentral.com;;125.0;108.0;;;;115.0;;;;114.0;113.0;118.0;139.0;159.0;;;103.0;107.0;;113.0;
toofab.com;101.0;;102.0;123.0;;;123.0;;;;136.0;140.0;128.0;;;;108.0;102.0;102.0;115.0;;
careerbuilder.com;;;;211.0;;116.0;110.0;;;101.0;144.0;129.0;118.0;;;;;106.0;105.0;113.0;;
gothamist.com;;132.0;104.0;;129.0;;;107.0;;126.0;153.0;116.0;;;;;;104.0;137.0;123.0;144.0;
coupons.net;;155.0;120.0;;;;109.0;;;;;;;301.0;394.0;131.0;136.0;104.0;;107.0;;101.0
sacbee.com;;;108.0;;122.0;;;114.0;;;105.0;125.0;131.0;135.0;110.0;;109.0;134.0;145.0;120.0;141.0;
suntrust.com;;114.0;;181.0;;;109.0;;;;110.0;119.0;112.0;134.0;119.0;;;117.0;;;103.0;
nissanusa.com;;103.0;;143.0;139.0;175.0;;108.0;;103.0;146.0;121.0;;;;;;112.0;108.0;105.0;;
weather.com;;111.0;114.0;;;;;105.0;;;128.0;123.0;114.0;109.0;;;;114.0;124.0;109.0;128.0;
jpost.com;;137.0;118.0;;;;;130.0;;;;114.0;137.0;181.0;229.0;;;;142.0;103.0;208.0;
airtran.com;;132.0;101.0;170.0;;;112.0;;;;;122.0;131.0;168.0;162.0;;;117.0;125.0;106.0;143.0;
movies.com;;105.0;;104.0;106.0;;;103.0;;131.0;103.0;103.0;;;;104.0;;;;107.0;101.0;
dailykos.com;;131.0;108.0;;;;;123.0;;120.0;118.0;112.0;106.0;133.0;115.0;;103.0;114.0;111.0;117.0;160.0;
infoplease.com;102.0;;;104.0;101.0;;105.0;;;132.0;;;103.0;;;103.0;;;;105.0;110.0;
ninjakiwi.com;122.0;;107.0;;;;;103.0;186.0;129.0;;;;;;114.0;;;;;;112.0
rotoworld.com;106.0;;112.0;;146.0;;;143.0;;;156.0;124.0;;;;;114.0;130.0;149.0;119.0;150.0;
kgw.com;;112.0;120.0;;;;101.0;;;;111.0;127.0;119.0;114.0;134.0;;123.0;104.0;;115.0;;
consumerreports.org;;132.0;112.0;;;;;106.0;;;101.0;127.0;131.0;167.0;172.0;;;114.0;120.0;109.0;138.0;
gamestop.com;137.0;;;162.0;106.0;185.0;;106.0;200.0;183.0;;;;;;107.0;107.0;105.0;;;;129.0
thegrio.com;;119.0;;263.0;143.0;;107.0;;;109.0;111.0;107.0;101.0;;147.0;109.0;;;;104.0;124.0;
apartments.com;102.0;;;245.0;;123.0;122.0;;;156.0;162.0;101.0;;;;125.0;105.0;;;102.0;;104.0
clear.com;;110.0;;213.0;110.0;164.0;;121.0;;137.0;135.0;118.0;;;;;116.0;;;;;107.0
fanpop.com;;;;;;;105.0;;109.0;200.0;;;;;;;;;;;;
speedtest.net;;105.0;101.0;;138.0;;;125.0;;144.0;111.0;104.0;;;;103.0;;;;106.0;;
mediabistro.com;;122.0;106.0;;;;;109.0;;;117.0;117.0;123.0;124.0;110.0;;109.0;127.0;160.0;123.0;166.0;
hotelsone.com;;123.0;;;;;101.0;;104.0;112.0;106.0;;;;;;;117.0;110.0;;114.0;
key.com;;128.0;114.0;;;;102.0;;;;135.0;111.0;129.0;133.0;147.0;;;105.0;105.0;106.0;;
expedia.fr;;124.0;;214.0;;;;128.0;;;125.0;141.0;115.0;114.0;124.0;;111.0;;;;147.0;111.0
history.com;;103.0;104.0;;;;;101.0;;122.0;;;108.0;105.0;;105.0;;;;104.0;;
ft.com;;139.0;105.0;;195.0;;;135.0;;;;126.0;134.0;159.0;195.0;;;103.0;139.0;104.0;210.0;
fannation.com;105.0;;109.0;;;;;151.0;;;123.0;128.0;130.0;120.0;105.0;;111.0;147.0;167.0;121.0;169.0;
pillsbury.com;;118.0;116.0;;;;139.0;;;;;106.0;114.0;155.0;191.0;;104.0;;101.0;;;117.0
games.com;124.0;;;238.0;;104.0;125.0;;183.0;124.0;;;;;;121.0;;;109.0;;;134.0
videobash.com;;111.0;;;108.0;;;112.0;117.0;198.0;;;;;;124.0;;;;;;120.0
condenast.com;;130.0;106.0;;;;128.0;;;;132.0;130.0;123.0;107.0;;;101.0;;124.0;120.0;154.0;
cafepress.com;;104.0;108.0;;;;107.0;;;109.0;128.0;126.0;107.0;;;;;107.0;106.0;105.0;;
heritage.org;;113.0;102.0;104.0;;;;111.0;;110.0;109.0;104.0;106.0;111.0;117.0;;;;109.0;112.0;144.0;
petfinder.com;;103.0;107.0;;;;116.0;;;110.0;;103.0;110.0;106.0;;102.0;101.0;;;106.0;;
advanceautoparts.com;;105.0;106.0;114.0;;;;135.0;;114.0;125.0;116.0;114.0;;;;111.0;103.0;;;;124.0
meijer.com;106.0;;120.0;;;;113.0;;;;107.0;132.0;112.0;110.0;;;104.0;112.0;;;;108.0
space.com;;112.0;110.0;;;;;127.0;;122.0;104.0;112.0;115.0;120.0;109.0;;104.0;110.0;101.0;113.0;112.0;
findlaw.com;;105.0;;141.0;;;110.0;;;101.0;113.0;124.0;119.0;102.0;;;;;122.0;101.0;145.0;
billboard.com;;106.0;;137.0;116.0;;;;;177.0;103.0;;;;;114.0;;;;104.0;;
entertainmentnewsstories.com;;117.0;;129.0;204.0;;103.0;;135.0;;106.0;;;;195.0;121.0;;;;;114.0;105.0
redfin.com;;130.0;;;684.0;193.0;102.0;;;;174.0;145.0;111.0;;;;;;149.0;105.0;147.0;
intelligentcoins.com;;116.0;;124.0;210.0;;102.0;;137.0;;104.0;;;;183.0;119.0;;;;;113.0;104.0
grainger.com;;128.0;110.0;;;;;134.0;;;;126.0;151.0;152.0;113.0;;;119.0;109.0;102.0;;105.0
realsimple.com;;112.0;108.0;;;;138.0;;;106.0;121.0;111.0;111.0;115.0;;;107.0;104.0;;118.0;116.0;
motortrend.com;;111.0;;122.0;108.0;121.0;;119.0;;114.0;139.0;107.0;;;;;;110.0;109.0;102.0;;
zocdoc.com;;136.0;;168.0;400.0;;;104.0;;;;147.0;113.0;124.0;156.0;131.0;118.0;;;;187.0;
dccc.org;;157.0;112.0;;;;104.0;;;;;;136.0;219.0;286.0;117.0;107.0;;;110.0;163.0;
pga.com;;151.0;108.0;;117.0;;;132.0;;;;112.0;132.0;212.0;273.0;;;110.0;129.0;108.0;151.0;
goodreads.com;;105.0;102.0;;102.0;;117.0;;;159.0;104.0;;;;;108.0;;;;108.0;109.0;
worthpoint.com;;105.0;109.0;;;;;103.0;;;;105.0;117.0;123.0;103.0;;106.0;109.0;101.0;106.0;102.0;
toysrus.com;132.0;;104.0;;;103.0;116.0;;;;191.0;132.0;;;;;;128.0;;114.0;;
kijiji.ca;;107.0;108.0;;144.0;;;125.0;;;141.0;133.0;108.0;;;;;;143.0;101.0;116.0;
essortment.com;110.0;;;;105.0;;110.0;;;114.0;122.0;126.0;;;;;;106.0;107.0;107.0;107.0;
newyorker.com;;140.0;;112.0;103.0;;;113.0;;;119.0;126.0;116.0;134.0;156.0;;;;138.0;;215.0;
bradsdeals.com;102.0;;;111.0;131.0;;111.0;;;;114.0;138.0;107.0;109.0;;;;127.0;107.0;109.0;123.0;
pier1.com;;114.0;106.0;104.0;;;130.0;;;;149.0;145.0;118.0;121.0;;;;119.0;118.0;117.0;116.0;
bookrags.com;106.0;;;;;;115.0;;120.0;194.0;;;;;;115.0;;;;101.0;106.0;
diva-gossip.com;;116.0;;128.0;203.0;;103.0;;134.0;101.0;107.0;;;;192.0;121.0;;;;;113.0;105.0
mrmovietimes.com;;;102.0;;;;105.0;;;102.0;;103.0;109.0;108.0;103.0;;102.0;102.0;;105.0;;
troweprice.com;;142.0;108.0;;166.0;;;131.0;;;;121.0;165.0;188.0;160.0;;;119.0;135.0;106.0;188.0;
brilliantriches.com;;113.0;;119.0;169.0;;103.0;;136.0;;109.0;;;;195.0;120.0;;;;;115.0;103.0
listverse.com;;101.0;101.0;;133.0;123.0;;120.0;;144.0;128.0;;108.0;;;122.0;;116.0;;103.0;;
popsugar.com;;;;;;;125.0;;;121.0;135.0;114.0;;;101.0;;;;;115.0;115.0;
nbc.com;;105.0;104.0;;;;108.0;;;134.0;102.0;104.0;105.0;;;105.0;;;;108.0;;
gourmetrecipe.com;;118.0;;123.0;200.0;;102.0;;126.0;;109.0;;;;220.0;121.0;;;;;115.0;104.0
newsmax.com;;112.0;109.0;;;;;112.0;;;;108.0;133.0;154.0;190.0;;112.0;122.0;123.0;112.0;125.0;
minecraftforum.net;103.0;;102.0;106.0;111.0;;;117.0;125.0;191.0;;;;;;125.0;;;;;;121.0
geico.com;101.0;;;175.0;;109.0;106.0;;;;130.0;119.0;108.0;;;;106.0;;;102.0;;
baltimoresun.com;;125.0;101.0;191.0;;;;111.0;;;;133.0;121.0;141.0;138.0;;;113.0;126.0;;164.0;
justmommies.com;123.0;;;134.0;105.0;;135.0;;;146.0;150.0;105.0;;;;112.0;;;;;;104.0
iboats.com;;120.0;119.0;;;;;125.0;;;;127.0;133.0;143.0;106.0;;;126.0;118.0;106.0;;
mercurynews.com;;101.0;104.0;;159.0;;;114.0;;;116.0;125.0;120.0;116.0;;;107.0;127.0;139.0;121.0;145.0;
gamefront.com;;105.0;102.0;;126.0;;;135.0;103.0;215.0;103.0;;;;;125.0;;;;;;121.0
fashionfantastica.com;;108.0;;106.0;230.0;;;101.0;147.0;;;;;;127.0;111.0;;;;;114.0;102.0
koldcast.tv;;110.0;103.0;109.0;145.0;;;105.0;121.0;;120.0;;;;186.0;119.0;;;;;118.0;101.0
movie-trends.com;;113.0;101.0;113.0;183.0;;102.0;;136.0;;111.0;;;;200.0;120.0;;;;;119.0;103.0
local.com;;101.0;101.0;107.0;;;107.0;;107.0;;;;108.0;109.0;103.0;104.0;;;;;;104.0
homes.com;;;;107.0;;112.0;110.0;;;;139.0;125.0;108.0;105.0;;;;106.0;112.0;104.0;104.0;
cnsnews.com;;112.0;115.0;;;;;134.0;;;;115.0;143.0;164.0;220.0;;121.0;145.0;152.0;120.0;153.0;
stansberryresearch.com;;170.0;115.0;;;;;146.0;;;;;131.0;248.0;458.0;;;;133.0;106.0;189.0;
takkle.com;;124.0;;121.0;232.0;;102.0;;141.0;102.0;104.0;;;;198.0;121.0;;;;;118.0;103.0
ford.com;;107.0;108.0;;;;;113.0;;105.0;130.0;124.0;101.0;;;;;117.0;112.0;101.0;;102.0
glennbeck.com;;106.0;115.0;;;;;117.0;;;;113.0;140.0;158.0;188.0;;116.0;121.0;105.0;115.0;110.0;
rushlimbaugh.com;;108.0;116.0;;;;;132.0;;;;116.0;146.0;157.0;209.0;;121.0;140.0;137.0;120.0;137.0;
yellowpages.com;;101.0;;123.0;;123.0;113.0;;;105.0;130.0;109.0;101.0;;;;;105.0;106.0;;;103.0
killerstartups.com;;103.0;;213.0;104.0;136.0;106.0;;;;;110.0;;114.0;123.0;117.0;;101.0;;;;117.0
lotterypost.com;;108.0;;145.0;;;101.0;;101.0;;;101.0;116.0;115.0;117.0;104.0;;;;;;108.0
mnn.com;;119.0;111.0;;;;;104.0;;135.0;122.0;110.0;110.0;115.0;;;102.0;107.0;;113.0;120.0;
samsclub.com;;104.0;103.0;;;;102.0;;;;114.0;121.0;112.0;121.0;;;;117.0;110.0;105.0;;
aspca.org;;115.0;112.0;;;;138.0;;;;126.0;133.0;122.0;113.0;;;;;110.0;104.0;;
financialnewsstories.com;;115.0;;124.0;208.0;;102.0;;137.0;;104.0;;;;182.0;119.0;;;;;113.0;104.0