{"license":
    "Copyright 2010-2014 Disconnect, Inc. / This program is free software: you can redistribute it and/or modify it under the terms of the GNU General Public License as published by the Free Software Foundation, either version 3 of the License, or (at your option) any later version. / This program is distributed in the hope that it will be useful, but WITHOUT ANY WARRANTY; without even the implied warranty of MERCHANTABILITY or FITNESS FOR A PARTICULAR PURPOSE. See the GNU General Public License for more details. / You should have received a copy of the GNU General Public License along with this program. If not, see <http://www.gnu.org/licenses/>.",
"categories": {"Disconnect": [
  {"Facebook": {"http://www.facebook.com/": [
    "facebook.com",
    "facebook.de",
    "facebook.fr",
    "facebook.net",
    "facebookofsex.com",
    "fb.com",
    "friendfeed.com"
  ]}},
  {"Google": {"http://www.google.com/": [
    "2mdn.net",
    "admeld.com",
    "admob.com",
    "cc-dt.com",
    "destinationurl.com",
    "doubleclick.net",
    "gmail.com",
    "google-analytics.com",
    "adwords.google.com",
    "mail.google.com",
    "plus.google.com",
    "plusone.google.com",
    "voice.google.com",
    "wave.google.com",
    "keep.google.com",
    "googleadservices.com",
    "googlemail.com",
    "googlesyndication.com",
    "googletagservices.com",
    "invitemedia.com",
    "orkut.com",
    "postrank.com",
    "smtad.net",
    "teracent.com",
    "teracent.net",
    "ytsa.net"
  ]}},
  {"Twitter": {"https://twitter.com/": [
    "backtype.com",
    "crashlytics.com",
    "tweetdeck.com",
    "twimg.com",
    "twitter.com",
    "twitter.jp"
  ]}}
], "Advertising": [
  {"[x+1]": {"http://www.xplusone.com/": ["ru4.com", "xplusone.com"]}},
  {"2leep.com": {"http://2leep.com/": ["2leep.com"]}},
  {"33Across": {"http://33across.com/": ["33across.com"]}},
  {"4INFO": {"http://www.4info.com/": ["4info.com", "adhaven.com"]}},
  {"Abax Interactive": {"http://abaxinteractive.com/": [
    "abaxinteractive.com"
  ]}},
  {"Accelia": {"http://www.accelia.net/": ["accelia.net", "durasite.net"]}},
  {"Accordant Media": {"http://www.accordantmedia.com/": [
    "accordantmedia.com"
  ]}},
  {"Acquisio": {"http://www.acquisio.com/": [
    "acquisio.com", "clickequations.net"
  ]}},
  {"Act-On": {"http://www.act-on.com/": ["act-on.com", "actonsoftware.com"]}},
  {"Actisens": {"http://www.actisens.com/": [
    "actisens.com", "gestionpub.com"
  ]}},
  {"ActiveConversion": {"http://www.activeconversion.com/": [
    "activeconversion.com", "activemeter.com"
  ]}},
  {"Acuity": {"http://www.acuity.com/": [
    "acuity.com", "acuityads.com", "acuityplatform.com"
  ]}},
  {"Ad Decisive": {"http://www.addecisive.com/": [
    "a2dfp.net", "addecisive.com"
  ]}},
  {"Ad Dynamo": {"http://www.addynamo.com/": ["addynamo.com", "addynamo.net"]}},
  {"AD Europe": {"http://www.adeurope.com/": ["adeurope.com"]}},
  {"Ad Knife": {"http://static.adknife.com/": ["adknife.com"]}},
  {"Ad Magnet": {"http://www.admagnet.com/": ["admagnet.com", "admagnet.net"]}},
  {"ad pepper media": {"http://www.adpepper.us/": [
    "adpepper.com", "adpepper.us"
  ]}},
  {"AD2ONE": {"http://www.ad2onegroup.com/": ["ad2onegroup.com"]}},
  {"Ad4Game": {"http://ad4game.com/": ["ad4game.com"]}},
  {"ad6media": {"http://www.ad6media.fr/": ["ad6media.fr"]}},
  {"AdaptiveAds": {"http://www.adaptiveads.com/": ["adaptiveads.com"]}},
  {"Adaptly": {"http://adaptly.com/": ["adaptly.com"]}},
  {"Adara Media": {"http://www.adaramedia.com/": [
    "adaramedia.com", "opinmind.com", "yieldoptimizer.com"
  ]}},
  {"Adatus": {"http://www.adatus.com/": ["adatus.com"]}},
  {"adBrite": {"http://www.adbrite.com/": ["adbrite.com"]}},
  {"Adchemy": {"http://www.adchemy.com/": ["adchemy.com"]}},
  {"AdCirrus": {"http://adcirrus.com/": ["adcirrus.com"]}},
  {"Adconion": {"http://www.adconion.com/": [
    "adconion.com", "amgdgt.com", "euroclick.com", "smartclip.com"
  ]}},
  {"addGloo": {"http://www.addgloo.com/": ["addgloo.com"]}},
  {"Addvantage Media": {"http://www.addvantagemedia.com/": [
    "addvantagemedia.com"
  ]}},
  {"AdEngage": {"http://adengage.com/": ["adengage.com"]}},
  {"AdExtent": {"http://www.adextent.com/": ["adextent.com"]}},
  {"AdF.ly": {"http://adf.ly/": ["adf.ly"]}},
  {"Adfonic": {"http://adfonic.com/": ["adfonic.com"]}},
  {"Adform": {"http://www.adform.com/": ["adform.com", "adform.net"]}},
  {"AdFox": {"http://adfox.ru/": ["adfox.ru"]}},
  {"AdFrontiers": {"http://www.adfrontiers.com/": ["adfrontiers.com"]}},
  {"Adfunky": {"http://www.adfunky.com/": [
    "adfunky.com", "adfunkyserver.com"
  ]}},
  {"Adfusion": {"http://www.adfusion.com/": ["adfusion.com"]}},
  {"AdGent Digital": {"http://www.adgentdigital.com/": [
    "adgentdigital.com", "shorttailmedia.com"
  ]}},
  {"AdGibbon": {"http://www.adgibbon.com/": ["adgibbon.com"]}},
  {"adhood": {"http://www.adhood.com/": ["adhood.com"]}},
  {"Adiant": {"http://www.adiant.com/": ["adblade.com", "adiant.com"]}},
  {"AdInsight": {"http://www.adinsight.com/": [
    "adinsight.com", "adinsight.eu"
  ]}},
  {"AdIQuity": {"http://adiquity.com/": ["adiquity.com"]}},
  {"ADITION": {"http://www.adition.com/": ["adition.com"]}},
  {"AdJug": {"http://www.adjug.com/": ["adjug.com"]}},
  {"AdJuggler": {"http://www.adjuggler.com/": [
    "adjuggler.com", "adjuggler.net"
  ]}},
  {"AdKeeper": {"http://www.adkeeper.com/": ["adkeeper.com", "akncdn.com"]}},
  {"Adknowledge": {"http://www.adknowledge.com/": [
    "adknowledge.com",
    "adparlor.com",
    "bidsystem.com",
    "cubics.com",
    "lookery.com"
  ]}},
  {"AdLantis": {"http://www.adlantis.jp/": ["adimg.net", "adlantis.jp"]}},
  {"Adlibrium": {"http://www.adlibrium.com/": ["adlibrium.com"]}},
  {"adMarketplace": {"http://www.admarketplace.com/": ["admarketplace.com"]}},
  {"AdMarvel": {"http://www.admarvel.com/": ["admarvel.com"]}},
  {"AdMaximizer Network": {"http://admaximizer.com/": ["admaximizer.com"]}},
  {"AdMedia": {"http://www.admedia.com/": ["admedia.com"]}},
  {"Admeta": {"http://www.admeta.com/": ["admeta.com", "atemda.com"]}},
  {"Admicro": {"http://www.admicro.vn/": ["admicro.vn", "vcmedia.vn"]}},
  {"Admotion": {"http://www.admotion.com/": ["admotion.com", "nspmotion.com"]}},
  {"Adnetik": {"http://adnetik.com/": ["adnetik.com", "wtp101.com"]}},
  {"AdNetwork.net": {"http://www.adnetwork.net/": ["adnetwork.net"]}},
  {"adnologies": {"http://www.adnologies.com/": [
    "adnologies.com", "heias.com"
  ]}},
  {"Adobe": {"http://www.adobe.com/": [
    "2o7.net",
    "auditude.com",
    "demdex.com",
    "demdex.net",
    "dmtracker.com",
    "efrontier.com",
    "everestads.net",
    "everestjs.net",
    "everesttech.net",
    "hitbox.com",
    "omniture.com",
    "omtrdc.net",
    "touchclarity.com"
  ]}},
  {"AdOcean": {"http://www.adocean-global.com/": [
    "adocean-global.com", "adocean.pl"
  ]}},
  {"Adometry": {"http://www.adometry.com/": ["adometry.com", "dmtry.com"]}},
  {"AdOn Network": {"http://adonnetwork.com/": [
    "adonnetwork.com", "dashboardad.net"
  ]}},
  {"AdOnion": {"http://www.adonion.com/": ["adonion.com"]}},
  {"Adorika": {"http://www.clickotmedia.com/": ["clickotmedia.com"]}},
  {"ADP Dealer Services": {"http://www.adpdealerservices.com/": [
    "admission.net", "adpdealerservices.com", "cobalt.com"
  ]}},
  {"AdPerfect": {"http://www.adperfect.com/": ["adperfect.com"]}},
  {"Adperium": {"http://www.adperium.com/": ["adperium.com"]}},
  {"Adpersia": {"http://www.adpersia.com/": ["adpersia.com"]}},
  {"adPrecision": {"http://adprecision.net/": ["adprs.net", "aprecision.net"]}},
  {"AdPredictive": {"http://www.adpredictive.com/": ["adpredictive.com"]}},
  {"AdReactor": {"http://www.adreactor.com/": ["adreactor.com"]}},
  {"AdReady": {"http://www.adready.com/": [
    "adready.com", "adreadytractions.com"
  ]}},
  {"AdRevolution": {"http://adrevolution.com/": ["adrevolution.com"]}},
  {"AdRiver": {"http://adriver.ru/": ["adriver.ru"]}},
  {"adrolays": {"http://adrolays.com/": ["adrolays.com", "adrolays.de"]}},
  {"AdRoll": {"http://www.adroll.com/": ["adroll.com"]}},
  {"AdSafe Media": {"http://adsafemedia.com/": [
    "adsafemedia.com", "adsafeprotected.com"
  ]}},
  {"adscale": {"http://www.adscale.de/": ["adscale.de"]}},
  {"AdServerPub": {"http://www.adserverpub.com/": ["adserverpub.com"]}},
  {"AdShuffle": {"http://www.adshuffle.com/": ["adshuffle.com"]}},
  {"AdSide": {"http://www.adside.com/": ["adside.com", "doclix.com"]}},
  {"AdSpeed": {"http://www.adspeed.com/": ["adspeed.com", "adspeed.net"]}},
  {"AdSpirit": {"http://www.adspirit.de/": [
    "adspirit.com", "adspirit.de", "adspirit.net"
  ]}},
  {"AdsTours": {"http://www.adstours.com/": [
    "adstours.com", "clickintext.net"
  ]}},
  {"ADTECH": {"http://www.adtech.com/": [
    "adtech.com", "adtech.de", "adtechus.com"
  ]}},
  {"Adtegrity.com": {"http://www.adtegrity.com/": [
    "adtegrity.com", "adtegrity.net"
  ]}},
  {"ADTELLIGENCE": {"http://www.adtelligence.de/": ["adtelligence.de"]}},
  {"AdTiger": {"http://www.adtiger.de/": ["adtiger.de"]}},
  {"AdTruth": {"http://adtruth.com/": ["adtruth.com"]}},
  {"Adult AdWorld": {"http://adultadworld.com/": ["adultadworld.com"]}},
  {"Adultmoda": {"http://www.adultmoda.com/": ["adultmoda.com"]}},
  {"Adverline": {"http://www.adverline.com/": ["adnext.fr", "adverline.com"]}},
  {"Advert Stream": {"http://www.advertstream.com/": ["advertstream.com"]}},
  {"Advertise.com": {"http://www.advertise.com/": ["advertise.com"]}},
  {"AdvertiseSpace": {"http://www.advertisespace.com/": [
    "advertisespace.com"
  ]}},
  {"AdXpansion": {"http://www.adxpansion.com/": ["adxpansion.com"]}},
  {"adyard": {"http://adyard.de/": ["adyard.de"]}},
  {"ADZ": {"http://www.adzcentral.com/": ["adzcentral.com"]}},
  {"adzly": {"http://www.adzly.com/": ["adzly.com"]}},
  {"Adzerk": {"http://www.adzerk.com/": ["adzerk.com", "adzerk.net"]}},
  {"Aegis Group": {"http://www.aemedia.com/": [
    "aemedia.com", "bluestreak.com"
  ]}},
  {"AERIFY MEDIA": {"http://aerifymedia.com/": [
    "aerifymedia.com", "anonymous-media.com"
  ]}},
  {"Affectv": {"http://affectv.co.uk/": ["affectv.co.uk"]}},
  {"affilinet": {"http://www.affili.net/": [
    "affili.net",
    "affilinet-inside.de",
    "banner-rotation.com",
    "successfultogether.co.uk"
  ]}},
  {"Affine": {"http://www.affine.tv/": ["affine.tv", "affinesystems.com"]}},
  {"AfterDownload": {"http://www.afterdownload.com/": [
    "afdads.com", "afterdownload.com"
  ]}},
  {"AK": {"http://www.aggregateknowledge.com/": [
    "aggregateknowledge.com", "agkn.com"
  ]}},
  {"Airpush": {"http://www.airpush.com/": ["airpush.com"]}},
  {"Akamai": {"http://www.akamai.com/": ["imiclk.com"]}},
  {"Amazon.com": {"http://www.amazon.com/": [
    "amazon-adsystem.com",
    "amazon.ca",
    "amazon.co.jp",
    "amazon.co.uk",
    "amazon.de",
    "amazon.es",
    "amazon.fr",
    "amazon.it",
    "assoc-amazon.com"
  ]}},
  {"Ambient Digital": {"http://ambientdigital.com.vn/": [
    "adnetwork.vn", "ambientdigital.com.vn"
  ]}},
  {"Amobee": {"http://amobee.com/": ["amobee.com"]}},
  {"AOL": {"http://www.aol.com/": [
    "adsonar.com",
    "advertising.com",
    "atwola.com",
    "leadback.com",
    "tacoda.net"
  ]}},
  {"Appenda": {"http://http://www.appenda.com//": ["appenda.com"]}},
  {"Applifier": {"http://www.applifier.com/": ["applifier.com"]}},
  {"AppNexus": {"http://www.appnexus.com/": [
    "adlantic.nl", "adnxs.com", "adrdgt.com", "appnexus.com"
  ]}},
  {"appssavvy": {"http://appssavvy.com/": ["appssavvy.com"]}},
  {"Arkwrights Homebrew": {"http://www.arkwrightshomebrew.com/": [
    "arkwrightshomebrew.com", "ctasnet.com"
  ]}},
  {"AT Internet": {"http://www.atinternet.com/": ["hit-parade.com"]}},
  {"AT&T": {"http://www.att.com/": ["att.com", "yp.com"]}},
  {"Atoomic.com": {"http://www.atoomic.com/": ["atoomic.com"]}},
  {"Atrinsic": {"http://atrinsic.com/": ["atrinsic.com"]}},
  {"Audience Ad Network": {"http://audienceadnetwork.com/": [
    "audienceadnetwork.com"
  ]}},
  {"Audience2Media": {"http://www.audience2media.com/": [
    "audience2media.com"
  ]}},
  {"AudienceScience": {"http://www.audiencescience.com/": [
    "audiencescience.com",
    "revsci.net",
    "targetingmarketplace.com",
    "wunderloop.net"
  ]}},
  {"Augme": {"http://www.augme.com/": ["augme.com", "hipcricket.com"]}},
  {"AUTOCENTRE.UA": {"http://www.autocentre.ua/": [
    "am.ua", "autocentre.ua"
  ]}},
  {"Avalanchers": {"http://www.avalanchers.com/": ["avalanchers.com"]}},
  {"AvantLink": {"http://www.avantlink.com/": ["avantlink.com"]}},
  {"AWeber": {"http://www.aweber.com/": ["aweber.com"]}},
  {"BackBeat Media": {"http://www.backbeatmedia.com/": ["backbeatmedia.com"]}},
  {"Bannerconnect": {"http://www.bannerconnect.net/": ["bannerconnect.net"]}},
  {"Barilliance": {"http://www.barilliance.com/": ["barilliance.com"]}},
  {"BaronsNetworks": {"http://baronsoffers.com/": ["baronsoffers.com"]}},
  {"Batanga Network": {"http://www.batanganetwork.com/": [
    "batanga.com", "batanganetwork.com"
  ]}},
  {"Beanstock Media": {"http://www.beanstockmedia.com/": [
    "beanstockmedia.com"
  ]}},
  {"beencounter": {"http://www.beencounter.com/": ["beencounter.com"]}},
  {"Begun": {"http://www.begun.ru/": ["begun.ru"]}},
  {"belboon": {"http://www.belboon.com/": ["adbutler.de", "belboon.com"]}},
  {"Betgenius": {"http://www.betgenius.com/": [
    "betgenius.com", "connextra.com"
  ]}},
  {"BidVertiser": {"http://www.bidvertiser.com/": ["bidvertiser.com"]}},
  {"bigmir)net": {"http://www.bigmir.net/": ["bigmir.net"]}},
  {"BinLayer": {"http://binlayer.com/": ["binlayer.com"]}},
  {"Bitcoin Plus": {"http://www.bitcoinplus.com/": ["bitcoinplus.com"]}},
  {"BittAds": {"http://www.bittads.com/": ["bittads.com"]}},
  {"Bizo": {"http://www.bizo.com/": ["bizo.com", "bizographics.com"]}},
  {"Black Label Ads": {"http://www.blacklabelads.com/": ["blacklabelads.com"]}},
  {"BlogCatalog": {"http://www.blogcatalog.com/": ["blogcatalog.com"]}},
  {"BlogFrog": {"http://theblogfrog.com/": ["theblogfrog.com"]}},
  {"BlogHer": {"http://www.blogher.com/": ["blogher.com", "blogherads.com"]}},
  {"BlogRollr": {"http://blogrollr.com/": ["blogrollr.com"]}},
  {"BLOOM Digital Platforms": {"http://bloom-hq.com/": [
    "adgear.com", "bloom-hq.com"
  ]}},
  {"BloomReach": {"http://www.bloomreach.com/": [
    "bloomreach.com", "brcdn.com", "brsrvr.com"
  ]}},
  {"Blu Trumpet": {"http://www.blutrumpet.com/": ["blutrumpet.com"]}},
  {"BlueCava": {"http://www.bluecava.com/": ["bluecava.com"]}},
  {"BlueKai": {"http://www.bluekai.com/": [
    "bkrtx.com", "bluekai.com", "tracksimple.com"
  ]}},
  {"Brainient": {"http://brainient.com/": ["brainient.com"]}},
  {"Brand Affinity Technologies": {"http://www.brandaffinity.net/": [
    "brandaffinity.net"
  ]}},
  {"Brand.net": {"http://www.brand.net/": ["brand.net"]}},
  {"Brandscreen": {"http://www.brandscreen.com/": [
    "brandscreen.com", "rtbidder.net"
  ]}},
  {"BrightRoll": {"http://www.brightroll.com/": [
    "brightroll.com", "btrll.com"
  ]}},
  {"BrightTag": {"http://www.brighttag.com/": [
    "brighttag.com", "btstatic.com", "thebrighttag.com"
  ]}},
  {"Brilig": {"http://www.brilig.com/": ["brilig.com"]}},
  {"Burst Media": {"http://www.burstmedia.com/": [
    "burstbeacon.com",
    "burstdirectads.com",
    "burstmedia.com",
    "burstnet.com",
    "giantrealm.com"
  ]}},
  {"Burstly": {"http://www.burstly.com/": ["burstly.com"]}},
  {"BusinessOnline": {"http://www.businessol.com/": ["businessol.com"]}},
  {"BuySellAds": {"http://buysellads.com/": [
    "beaconads.com", "buysellads.com"
  ]}},
  {"Buysight": {"http://www.buysight.com/": [
    "buysight.com", "permuto.com", "pulsemgr.com"
  ]}},
  {"BuzzCity": {"http://www.buzzcity.com/": ["buzzcity.com"]}},
  {"BuzzParadise": {"http://www.buzzparadise.com/": ["buzzparadise.com"]}},
  {"BV! MEDIA": {"http://www.buzzcity.com/": [
    "buzzcity.com", "bvmedia.ca", "networldmedia.com", "networldmedia.net"
  ]}},
  {"Cadreon": {"http://www.cadreon.com/": ["cadreon.com"]}},
  {"CampaignGrid": {"http://www.campaigngrid.com/": ["campaigngrid.com"]}},
  {"CAPITALDATA": {"http://www.capitaldata.fr/": ["capitaldata.fr"]}},
  {"Caraytech": {"http://www.caraytech.com.ar/": [
    "caraytech.com.ar", "e-planning.net"
  ]}},
  {"Casale Media": {"http://www.casalemedia.com/": [
    "casalemedia.com", "medianet.com"
  ]}},
  {"CBproADS": {"http://www.cbproads.com/": ["cbproads.com"]}},
  {"Chango": {"http://www.chango.com/": ["chango.ca", "chango.com"]}},
  {"Channel Intelligence": {"http://www.channelintelligence.com/": [
    "channelintelligence.com"
  ]}},
  {"ChannelAdvisor": {"http://www.channeladvisor.com/": [
    "channeladvisor.com", "searchmarketing.com"
  ]}},
  {"Cart.ro": {"http://www.cart.ro/": ["cart.ro", "statistics.ro"]}},
  {"Chartboost": {"https://www.chartboost.com/": ["chartboost.com"]}},
  {"CheckM8": {"http://www.checkm8.com/": ["checkm8.com"]}},
  {"Chitika": {"http://chitika.com/": ["chitika.com", "chitika.net"]}},
  {"ChoiceStream": {"http://www.choicestream.com/": ["choicestream.com"]}},
  {"ClearSaleing": {"http://www.clearsaleing.com/": [
    "clearsaleing.com", "csdata1.com", "csdata2.com", "csdata3.com"
  ]}},
  {"Clearsearch Media": {"http://www.clearsearchmedia.com/": [
    "clearsearchmedia.com", "csm-secure.com"
  ]}},
  {"ClearSight Interactive": {"http://www.clearsightinteractive.com/": [
    "clearsightinteractive.com", "csi-tracking.com"
  ]}},
  {"ClickAider": {"http://clickaider.com/": ["clickaider.com"]}},
  {"ClickDimensions": {"http://www.clickdimensions.com/": [
    "clickdimensions.com"
  ]}},
  {"ClickDistrict": {"http://www.clickdistrict.com/": [
    "clickdistrict.com", "creative-serving.com"
  ]}},
  {"ClickFuel": {"http://clickfuel.com/": ["conversiondashboard.com"]}},
  {"ClickInc": {"http://www.clickinc.com/": ["clickinc.com"]}},
  {"Clicksor": {"http://www.clicksor.com/": [
    "clicksor.com", "clicksor.net"
  ]}},
  {"Clickwinks": {"http://www.clickwinks.com/": ["clickwinks.com"]}},
  {"ClicManager": {"http://www.clicmanager.fr/": ["clicmanager.fr"]}},
  {"Clove Network": {"http://www.clovenetwork.com/": ["clovenetwork.com"]}},
  {"Cognitive Match": {"http://www.cognitivematch.com/": [
    "cmads.com.tw",
    "cmadsasia.com",
    "cmadseu.com",
    "cmmeglobal.com",
    "cognitivematch.com"
  ]}},
  {"Collective": {"http://collective.com/": [
    "collective-media.net",
    "collective.com",
    "oggifinogi.com",
    "tumri.com",
    "tumri.net",
    "yt1187.net"
  ]}},
  {"Commission Junction": {"http://www.cj.com/": [
    "apmebf.com",
    "awltovhc.com",
    "cj.com",
    "ftjcfx.com",
    "kcdwa.com",
    "qksz.com",
    "qksz.net",
    "tqlkg.com",
    "yceml.net"
  ]}},
  {"Compass Labs": {"http://compasslabs.com/": ["compasslabs.com"]}},
  {"comScore": {"http://www.comscore.com/": ["adxpose.com"]}},
  {"Communicator Corp": {"http://www.communicatorcorp.com/": [
    "communicatorcorp.com"
  ]}},
  {"Complex Media": {"http://www.complexmedianetwork.com/": [
    "complex.com", "complexmedianetwork.com"
  ]}},
  {"Consilium Media": {"http://www.consiliummedia.com/": [
    "consiliummedia.com"
  ]}},
  {"CONTAXE": {"http://www.contaxe.com/": ["contaxe.com"]}},
  {"CONTEXTin": {"http://www.contextin.com/": [
    "admailtiser.com", "contextin.com"
  ]}},
  {"ContextuAds": {"http://www.contextuads.com/": [
    "agencytradingdesk.net", "contextuads.com"
  ]}},
  {"CONTEXTWEB": {"http://www.contextweb.com/": ["contextweb.com"]}},
  {"ConvergeDirect": {"http://www.convergedirect.com/": [
    "convergedirect.com", "convergetrack.com"
  ]}},
  {"ConversionRuler": {"http://www.conversionruler.com/": [
    "conversionruler.com"
  ]}},
  {"Conversive": {"http://www.conversive.nl/": ["conversive.nl"]}},
  {"CoreMotives": {"http://coremotives.com/": ["coremotives.com"]}},
  {"Cox Digital Solutions": {"http://www.coxdigitalsolutions.com/": [
    "adify.com", "afy11.net", "coxdigitalsolutions.com"
  ]}},
  {"CPMStar": {"http://www.cpmstar.com/": ["cpmstar.com"]}},
  {"CPX Interactive": {"http://www.cpxinteractive.com/": [
    "cpxadroit.com", "cpxinteractive.com"
  ]}},
  {"Creafi": {"http://www.creafi.com/": ["creafi.com"]}},
  {"Crimtan": {"http://www.crimtan.com/": ["crimtan.com"]}},
  {"Crisp Media": {"http://www.crispmedia.com/": ["crispmedia.com"]}},
  {"Criteo": {"http://www.criteo.com/": ["criteo.com", "criteo.net"]}},
  {"Cross Pixel": {"http://crosspixel.net/": [
    "crosspixel.net", "crosspixelmedia.com", "crsspxl.com"
  ]}},
  {"cXense": {"http://www.cxense.com/": ["cxense.com"]}},
  {"Cyberplex": {"http://www.cyberplex.com/": ["cyberplex.com"]}},
  {"Dada": {"http://dada.pro/": ["dada.pro", "simply.com"]}},
  {"Datalogix": {"http://www.datalogix.com/": ["nexac.com", "nextaction.net"]}},
  {"DataXu": {"http://www.dataxu.com/": [
    "dataxu.com", "dataxu.net", "mexad.com", "w55c.net"
  ]}},
  {"Datonics": {"http://datonics.com/": ["datonics.com","pro-market.net"]}},
  {"Datran Media": {"http://www.datranmedia.com/": [
    "datranmedia.com", "displaymarketplace.com"
  ]}},
  {"Datvantage": {"http://datvantage.com/": ["datvantage.com"]}},
  {"DC Storm": {"http://www.dc-storm.com/": [
    "dc-storm.com", "stormiq.com"
  ]}},
  {"Dedicated Media": {"http://www.dedicatedmedia.com/": [
    "dedicatedmedia.com", "dedicatednetworks.com"
  ]}},
  {"Delivr": {"http://delivr.com/": ["delivr.com", "percentmobile.com"]}},
  {"Demand Media": {"http://www.demandmedia.com/": [
    "demandmedia.com", "indieclick.com"
  ]}},
  {"Delta Projects": {"http://www.deltaprojects.se/": [
    "adaction.se", "de17a.com", "deltaprojects.se"
  ]}},
  {"Deutsche Post DHL": {"http://www.dp-dhl.com/": [
    "adcloud.com", "adcloud.net", "dp-dhl.com"
  ]}},
  {"Developer Media": {"http://developermedia.com/": [
    "developermedia.com", "lqcdn.com"
  ]}},
  {"dianomi": {"http://www.dianomi.com/": ["dianomi.com"]}},
  {"Didit": {"http://www.didit.com/": ["did-it.com", "didit.com"]}},
  {"Digital River": {"http://www.digitalriver.com/": [
    "digitalriver.com", "keywordmax.com", "netflame.cc"
  ]}},
  {"Digital Window": {"http://www.digitalwindow.com/": [
    "digitalwindow.com", "perfiliate.com"
  ]}},
  {"Digitize": {"http://www.digitize.ie/": ["digitize.ie"]}},
  {"Direct Response Group": {"http://www.directresponsegroup.com/": [
    "directresponsegroup.com", "ppctracking.net"
  ]}},
  {"DoublePimp": {"http://doublepimp.com/": ["doublepimp.com"]}},
  {"DoublePositive": {"http://www.doublepositive.com/": [
    "bid-tag.com", "doublepositive.com"
  ]}},
  {"DoubleVerify": {"http://www.doubleverify.com/": ["doubleverify.com"]}},
  {"Drawbridge": {"http://http://drawbrid.ge/": [
    "adsymptotic.com", "drawbrid.ge"
  ]}},
  {"DS-IQ": {"http://www.ds-iq.com/": ["ds-iq.com"]}},
  {"DSNR Group": {"http://www.dsnrmg.com/": [
    "dsnrgroup.com", "dsnrmg.com", "traffiliate.com", "z5x.com", "z5x.net"
  ]}},
  {"DynamicOxygen": {"http://www.dynamicoxygen.com/": [
    "dynamicoxygen.com", "exitjunction.com"
  ]}},
  {"eBay": {"http://www.ebay.com/": ["ebay.com", "gopjn.com"]}},
  {"Effective Measure": {"http://www.effectivemeasure.com/": [
    "effectivemeasure.com", "effectivemeasure.net"
  ]}},
  {"ekolay": {"http://www.ekolay.net/": ["e-kolay.net", "ekolay.net"]}},
  {"Emediate": {"http://www.emediate.com/": [
    "emediate.biz", "emediate.com", "emediate.dk", "emediate.eu"
  ]}},
  {"Emego": {"http://www.usemax.de/": ["usemax.de"]}},
  {"Enecto": {"http://www.enecto.com/": ["enecto.com"]}},
  {"engage:BDR": {"http://engagebdr.com/": ["bnmla.com", "engagebdr.com"]}},
  {"Engago Technology": {"http://www.engago.com/": [
    "appmetrx.com", "engago.com"
  ]}},
  {"Ensighten": {"http://www.ensighten.com/": ["ensighten.com"]}},
  {"Entireweb": {"http://www.entireweb.com/": ["entireweb.com"]}},
  {"Epic Media Group": {"http://www.theepicmediagroup.com/": [
    "epicadvertising.com",
    "epicmarketplace.com",
    "epicmobileads.com",
    "theepicmediagroup.com",
    "trafficmp.com"
  ]}},
  {"Epsilon": {"http://www.epsilon.com/": ["epsilon.com"]}},
  {"EQ Ads": {"http://www.eqads.com/": ["eqads.com"]}},
  {"EroAdvertising": {"http://www.ero-advertising.com/": [
    "ero-advertising.com"
  ]}},
  {"Etineria": {"http://www.etineria.com/": [
    "adwitserver.com", "etineria.com"
  ]}},
  {"eTrigue": {"http://www.etrigue.com/": ["etrigue.com"]}},
  {"Everyday Health": {"http://www.everydayhealth.com/": [
    "everydayhealth.com", "waterfrontmedia.com"
  ]}},
  {"Evidon": {"http://www.evidon.com/": ["betrad.com", "evidon.com"]}},
  {"Evisions Marketing": {"http://www.evisionsmarketing.com/": [
    "engineseeker.com", "evisionsmarketing.com"
  ]}},
  {"Evolve": {"http://www.evolvemediacorp.com/": [
    "evolvemediacorp.com", "evolvemediametrics.com", "gorillanation.com"
  ]}},
  {"eWayDirect": {"http://www.ewaydirect.com/": [
    "ewaydirect.com", "ixs1.net"
  ]}},
  {"ewebse": {"http://ewebse.com/": ["777seo.com", "ewebse.com"]}},
  {"excitad": {"http://excitad.com/": ["excitad.com"]}},
  {"eXelate": {"http://exelate.com/": ["exelate.com", "exelator.com"]}},
  {"ExoClick": {"http://www.exoclick.com/": ["exoclick.com"]}},
  {"Experian": {"http://www.experian.com/": [
    "audienceiq.com", "experian.com", "pricegrabber.com"
  ]}},
  {"Exponential Interactive": {"http://www.exponential.com/": [
    "adotube.com", "exponential.com", "fulltango.com", "tribalfusion.com"
  ]}},
  {"expo-MAX": {"http://expo-max.com/": ["expo-max.com"]}},
  {"Extension Factory": {"http://www.extensionfactory.com/": [
    "extensionfactory.com"
  ]}},
  {"EXTENSIONS.RU": {"http://extensions.ru/": ["extensions.ru"]}},
  {"Eyeconomy": {"http://www.eyeconomy.co.uk/": [
    "eyeconomy.co.uk", "eyeconomy.com", "sublimemedia.net"
  ]}},
  {"eyeReturn Marketing": {"http://www.eyereturnmarketing.com/": [
    "eyereturn.com", "eyereturnmarketing.com"
  ]}},
  {"Eyeviewdigital": {"http://www.eyeviewdigital.com/": [
    "eyeviewdigital.com"
  ]}},
  {"Facilitate Digital": {"http://www.facilitatedigital.com/": [
    "adsfac.eu",
    "adsfac.info",
    "adsfac.net",
    "adsfac.sg",
    "adsfac.us",
    "facilitatedigital.com"
  ]}},
  {"Fairfax Media": {"http://www.fxj.com.au/": [
    "fairfax.com.au", "fxj.com.au"
  ]}},
  {"faithadnet": {"http://www.faithadnet.com/": ["faithadnet.com"]}},
  {"Fathom": {"http://www.fathomdelivers.com/": [
    "fathomdelivers.com", "fathomseo.com"
  ]}},
  {"Federated Media": {"http://www.federatedmedia.net/": [
    "federatedmedia.net", "fmpub.net", "lijit.com"
  ]}},
  {"FetchBack": {"http://www.fetchback.com/": ["fetchback.com"]}},
  {"Fiksu": {"http://www.fiksu.com/": ["fiksu.com"]}},
  {"FinancialContent": {"http://www.financialcontent.com/": [
    "financialcontent.com"
  ]}},
  {"Fizz-Buzz Media": {"http://www.fizzbuzzmedia.com/": [
    "fizzbuzzmedia.com", "fizzbuzzmedia.net"
  ]}},
  {"Flashtalking": {"http://www.flashtalking.com/": ["flashtalking.com"]}},
  {"Flite": {"http://www.flite.com/": ["flite.com", "widgetserver.com"]}},
  {"Flurry": {"http://www.flurry.com/": ["flurry.com"]}},
  {"Flytxt": {"http://www.flytxt.com/": ["flytxt.com"]}},
  {"Forbes": {"http://www.forbes.com/": [
    "brandsideplatform.com", "forbes.com"
  ]}},
  {"Fox One Stop Media": {"http://www.foxonestop.com/": [
    "fimserve.com",
    "foxnetworks.com",
    "foxonestop.com",
    "mobsmith.com",
    "myads.com",
    "othersonline.com",
    "rubiconproject.com"
  ]}},
  {"FreakOut": {"http://fout.jp/": ["fout.jp"]}},
  {"Freedom Communications": {"http://www.freedom.com/": ["freedom.com"]}},
  {"FriendFinder Networks": {"http://ffn.com/": [
    "adultfriendfinder.com", "ffn.com", "pop6.com"
  ]}},
  {"Frog Sex": {"http://www.frogsex.com/": [
    "double-check.com", "frogsex.com"
  ]}},
  {"Future Ads": {"https://www.futureads.com/": [
    "futureads.com", "resultlinks.com"
  ]}},
  {"Game Advertising Online": {"http://www.game-advertising-online.com/": [
    "game-advertising-online.com"
  ]}},
  {"Games2win": {"http://www.games2win.com/": [
    "games2win.com", "inviziads.com"
  ]}},
  {"Gamned": {"http://www.gamned.com/": ["gamned.com"]}},
  {"Gannett": {"http://www.gannett.com/": ["gannett.com", "pointroll.com"]}},
  {"GB-World": {"http://www.gb-world.net/": ["gb-world.net"]}},
  {"Gemius": {"http://www.gemius.com/": ["gemius.com", "gemius.pl"]}},
  {"GENIE GROUP": {"http://www.geniegroupltd.co.uk/": ["geniegroupltd.co.uk"]}},
  {"Genius.com": {"http://www.genius.com/": ["genius.com", "rsvpgenius.com"]}},
  {"GeoAds": {"http://www.geoads.com/": ["geoads.com"]}},
  {"GetGlue": {"http://getglue.com/": ["getglue.com", "smrtlnks.com"]}},
  {"Glam Media": {"http://www.glammedia.com/": ["glam.com", "glammedia.com"]}},
  {"Globe7": {"http://www.globe7.com/": ["globe7.com"]}},
  {"GoDataFeed": {"http://godatafeed.com/": ["godatafeed.com"]}},
  {"GoldSpot Media": {"http://www.goldspotmedia.com/": ["goldspotmedia.com"]}},
  {"Grapeshot": {"http://www.grapeshot.co.uk/": ["grapeshot.co.uk"]}},
  {"Grocery Shopping Network": {"http://www.groceryshopping.net/": [
    "groceryshopping.net"
  ]}},
  {"GroovinAds": {"http://www.groovinads.com/": ["groovinads.com"]}},
  {"Gruner + Jahr": {"http://www.guj.de/": ["guj.de", "ligatus.com"]}},
  {"GISMAds": {"http://www.gismads.jp/": ["gismads.jp"]}},
  {"GSI Commerce": {"http://www.gsicommerce.com/": [
    "gsicommerce.com",
    "gsimedia.net",
    "pepperjam.com",
    "pjatr.com",
    "pjtra.com",
    "pntra.com",
    "pntrac.com",
    "pntrs.com"
  ]}},
  {"GumGum": {"http://gumgum.com/": ["gumgum.com"]}},
  {"Gunggo": {"http://www.gunggo.com/": ["gunggo.com"]}},
  {"Hands Mobile": {"http://www.hands.com.br/": ["hands.com.br"]}},
  {"Harrenmedia": {"http://www.harrenmedia.com/": [
    "harrenmedia.com", "harrenmedianetwork.com"
  ]}},
  {"HealthPricer": {"http://www.healthpricer.com/": [
    "adacado.com", "healthpricer.com"
  ]}},
  {"Hearst": {"http://www.hearst.com/": [
    "hearst.com",
    "ic-live.com",
    "iclive.com",
    "icrossing.com",
    "sptag.com",
    "sptag1.com",
    "sptag2.com",
    "sptag3.com"
  ]}},
  {"Hi-media": {"http://www.hi-media.com/": ["comclick.com", "hi-media.com"]}},
  {"HookLogic": {"http://www.hooklogic.com/": [
    "hlserve.com", "hooklogic.com"
  ]}},
  {"Horyzon Media": {"http://www.horyzon-media.com/": [
    "horyzon-media.com", "meetic-partners.com", "smartadserver.com"
  ]}},
  {"HOTWords": {"http://www.hotwords.com/": ["hotwords.com", "hotwords.es"]}},
  {"HP": {"http://www.hp.com/": ["hp.com", "optimost.com"]}},
  {"Httpool": {"http://www.httpool.com/": ["httpool.com"]}},
  {"HUNT Mobile Ads": {"http://www.huntmads.com/": ["huntmads.com"]}},
  {"Hurra.com": {"http://www.hurra.com/": ["hurra.com"]}},
  {"I-Behavior": {"http://www.i-behavior.com/": [
    "i-behavior.com", "ib-ibi.com"
  ]}},
  {"I.UA": {"http://www.i.ua/": ["i.ua"]}},
  {"IAC": {"http://www.iac.com/": ["iac.com", "iacadvertising.com"]}},
  {"IBM": {"http://www.ibm.com/": ["unica.com"]}},
  {"IDG": {"http://www.idg.com/": ["idg.com", "idgtechnetwork.com"]}},
  {"iEntry": {"http://www.ientry.com/": ["600z.com", "ientry.com"]}},
  {"IgnitAd": {"http://www.ignitad.com/": ["ignitad.com"]}},
  {"IgnitionOne": {"http://www.ignitionone.com/": [
    "ignitionone.com", "ignitionone.net", "searchignite.com"
  ]}},
  {"Improve Digital": {"www.improvedigital.com/": [
    "360yield.com", "improvedigital.com"
  ]}},
  {"Inadco": {"http://www.inadco.com/": [
    "anadcoads.com", "inadco.com", "inadcoads.com"
  ]}},
  {"Infectious Media": {"http://www.infectiousmedia.com/": [
    "impressiondesk.com", "infectiousmedia.com"
  ]}},
  {"Inflection Point Media": {"http://www.inflectionpointmedia.com/": [
    "inflectionpointmedia.com"
  ]}},
  {"Infogroup": {"http://www.infogroup.com/": ["infogroup.com"]}},
  {"Infolinks": {"http://www.infolinks.com/": ["infolinks.com"]}},
  {"Infra-Ad": {"http://www.infra-ad.com/": ["infra-ad.com"]}},
  {"InMobi": {"http://www.inmobi.com/": ["inmobi.com", "sproutinc.com"]}},
  {"inneractive": {"http://inner-active.com/": ["inner-active.com"]}},
  {"Innity": {"http://innity.com/": ["innity.com"]}},
  {"InsightExpress": {"http://www.insightexpress.com/": [
    "insightexpress.com", "insightexpressai.com"
  ]}},
  {"InSkin Media": {"http://inskinmedia.com/": ["inskinmedia.com"]}},
  {"Intent Media": {"http://www.intentmedia.com/": [
    "intentmedia.com", "intentmedia.net"
  ]}},
  {"Intergi": {"http://intergi.com/": ["intergi.com"]}},
  {"Intermarkets": {"http://www.intermarkets.net/": ["intermarkets.net"]}},
  {"Intermundo Media": {"http://intermundomedia.com/": [
    "intermundomedia.com"
  ]}},
  {"Internet Brands": {"http://www.internetbrands.com/": [
    "ibpxl.com", "internetbrands.com"
  ]}},
  {"Interpolls": {"http://www.interpolls.com/": ["interpolls.com"]}},
  {"Inuvo": {"http://inuvo.com/": ["inuvo.com"]}},
  {"InvestingChannel": {"http://investingchannel.com/": [
    "investingchannel.com"
  ]}},
  {"iPROM": {"http://www.iprom.si/": [
    "centraliprom.com", "iprom.net", "iprom.si", "mediaiprom.com"
  ]}},
  {"iPromote": {"http://www.ipromote.com/": ["ipromote.com"]}},
  {"iProspect": {"http://www.iprospect.com/": [
    "iprospect.com", "clickmanage.com"
  ]}},
  {"ISI Technologies": {"http://digbro.com/": [
    "adversalservers.com", "digbro.com"
  ]}},
  {"isocket": {"https://www.isocket.com/": [
    "adsbyisocket.com", "isocket.com"
  ]}},
  {"Jaroop": {"http://www.jaroop.com/": ["jaroop.com"]}},
  {"JasperLabs": {"http://www.jasperlabs.com/": ["jasperlabs.com"]}},
  {"Jemm": {"http://jemmgroup.com/": ["jemmgroup.com"]}},
  {"Jink": {"http://www.jink.de/": ["jink.de", "jinkads.com"]}},
  {"Jirbo": {"http://jirbo.com/": ["adcolony.com", "jirbo.com"]}},
  {"Jivox": {"http://www.jivox.com/": ["jivox.com"]}},
  {"JobThread": {"http://www.jobthread.com/": ["jobthread.com"]}},
  {"JuicyAds": {"http://www.juicyads.com/": ["juicyads.com"]}},
  {"Jumptap": {"http://www.jumptap.com/": ["jumptap.com"]}},
  {"Kenshoo": {"http://www.kenshoo.com/": ["kenshoo.com", "xg4ken.com"]}},
  {"Keyade": {"http://www.keyade.com/": ["keyade.com"]}},
  {"KissMyAds": {"http://kissmyads.com/": ["kissmyads.com"]}},
  {"KIT digital": {"http://kitd.com/": [
    "keewurd.com", "kitd.com", "peerset.com"
  ]}},
  {"Kitara Media": {"http://www.kitaramedia.com/": [
    "103092804.com", "kitaramedia.com"
  ]}},
  {"Kokteyl": {"http://www.kokteyl.com/": ["admost.com", "kokteyl.com"]}},
  {"Komli": {"http://www.komli.com/": ["komli.com"]}},
  {"Kontera": {"http://www.kontera.com/": ["kontera.com"]}},
  {"Korrelate": {"http://korrelate.com/": [
    "adsummos.com", "adsummos.net", "korrelate.com"
  ]}},
  {"Krux": {"http://www.krux.com/": [
    "krux.com", "kruxdigital.com", "krxd.net"
  ]}},
  {"Layer-Ad.org": {"http://layer-ad.org/": ["layer-ad.org"]}},
  {"LeadBolt": {"http://www.leadbolt.com/": ["leadbolt.com"]}},
  {"LeadFormix": {"http://www.leadformix.com/": [
    "leadformix.com", "leadforce1.com"
  ]}},
  {"LeadLander": {"http://www.leadlander.com/": [
    "leadlander.com", "trackalyzer.com"
  ]}},
  {"Legolas Media": {"http://www.legolas-media.com/": ["legolas-media.com"]}},
  {"Levexis": {"http://www.levexis.com/": ["levexis.com"]}},
  {"Lexos Media": {"http://www.lexosmedia.com/": [
    "adbull.com", "lexosmedia.com"
  ]}},
  {"LifeStreet": {"http://lifestreetmedia.com/": [
    "lfstmedia.com", "lifestreetmedia.com"
  ]}},
  {"LiveIntent": {"http://www.liveintent.com/": [
    "liadm.com", "liveintent.com"
  ]}},
  {"LiveInternet": {"http://www.liveinternet.ru": [
    "liveinternet.ru", "yadro.ru"
  ]}},
  {"LinkConnector": {"http://www.linkconnector.com/": ["linkconnector.com"]}},
  {"LinkShare": {"http://www.linkshare.com/": [
    "linkshare.com", "linksynergy.com"
  ]}},
  {"Linkz": {"http://www.linkz.net/": ["linkz.net"]}},
  {"Listrak": {"http://www.listrak.com/": ["listrak.com", "listrakbi.com"]}},
  {"Local Yokel Media": {"http://www.localyokelmedia.com/": [
    "localyokelmedia.com"
  ]}},
  {"Longboard Media": {"http://longboardmedia.com/": ["longboardmedia.com"]}},
  {"Loomia": {"http://www.loomia.com/": ["loomia.com"]}},
  {"LoopFuse": {"https://www.loopfuse.net/": ["lfov.net", "loopfuse.net"]}},
  {"LucidMedia": {"http://www.lucidmedia.com/": ["lucidmedia.com"]}},
  {"m6d": {"http://m6d.com/": ["m6d.com", "media6degrees.com"]}},
  {"Madhouse": {"http://www.madhouse.cn/": ["madhouse.cn"]}},
  {"Madison Logic": {"http://www.madisonlogic.com/": [
    "dinclinx.com", "madisonlogic.com"
  ]}},
  {"madvertise": {"http://madvertise.com/": ["madvertise.com"]}},
  {"Magnetic": {"http://www.magnetic.com/": [
    "domdex.com", "domdex.net", "magnetic.com", "qjex.net"
  ]}},
  {"Magnify360": {"http://www.magnify360.com/": [
    "dialogmgr.com", "magnify360.com"
  ]}},
  {"MailChimp": {"http://mailchimp.com/": [
    "campaign-archive1.com", "list-manage.com", "mailchimp.com"
  ]}},
  {"Manifest": {"http://www.manifest.ru/": ["bannerbank.ru", "manifest.ru"]}},
  {"Marchex": {"http://www.marchex.com/": [
    "industrybrains.com", "marchex.com"
  ]}},
  {"Marimedia": {"http://www.marimedia.net/": ["marimedia.net"]}},
  {"MarketGid": {"http://www.marketgid.com/": [
    "dt00.net", "dt07.net", "marketgid.com"
  ]}},
  {"Marketo": {"http://www.marketo.com/": ["marketo.com", "marketo.net"]}},
  {"Martini Media": {"http://martinimedianetwork.com/": [
    "martiniadnetwork.com", "martinimedianetwork.com"
  ]}},
  {"mashero": {"http://www.mashero.com/": ["mashero.com"]}},
  {"Match.com": {"http://www.match.com/": ["chemistry.com", "match.com"]}},
  {"Matomy": {"http://www.matomy.com/": [
    "matomy.com", "matomymarket.com", "matomymedia.com", "xtendmedia.com"
  ]}},
  {"MaxBounty": {"http://www.maxbounty.com/": ["maxbounty.com", "mb01.com"]}},
  {"MaxPoint": {"http://maxpointinteractive.com/": [
    "maxpointinteractive.com", "maxusglobal.com", "mxptint.net"
  ]}},
  {"MdotM": {"http://mdotm.com/": ["mdotm.com"]}},
  {"media.net": {"http://www.media.net/": ["media.net"]}},
  {"MediaBrix": {"http://www.mediabrix.com/": ["mediabrix.com"]}},
  {"MediaCom": {"http://www.mediacom.com/": ["mediacom.com"]}},
  {"mediaFORGE": {"http://www.mediaforge.com/": ["mediaforge.com"]}},
  {"Medialets": {"http://www.medialets.com/": ["medialets.com"]}},
  {"MediaMath": {"http://www.mediamath.com/": [
    "adroitinteractive.com",
    "designbloxlive.com",
    "mathtag.com",
    "mediamath.com"
  ]}},
  {"Mediaocean": {"http://www.mediaocean.com/": [
    "adbuyer.com", "mediaocean.com"
  ]}},
  {"MediaShakers": {"http://www.mediashakers.com/": [
    "media-servers.net", "mediashakers.com"
  ]}},
  {"MediaTrust": {"http://www.mediatrust.com/": ["mediatrust.com"]}},
  {"MediaWhiz": {"http://www.mediawhiz.com/": [
    "adnetinteractive.com", "mediawhiz.com"
  ]}},
  {"Medicx Media Solutions": {"http://www.medicxmedia.com/": [
    "medicxmedia.com"
  ]}},
  {"Mercent": {"http://www.mercent.com/": ["mercent.com"]}},
  {"MerchantAdvantage": {"http://www.merchantadvantage.com/": [
    "merchantadvantage.com"
  ]}},
  {"Merchenta": {"http://www.merchenta.com/": ["merchenta.com"]}},
  {"MegaIndex": {"http://www.megaindex.ru/": ["megaindex.ru"]}},
  {"Meta Network": {"http://www.metanetwork.com/": ["metanetwork.com"]}},
  {"Meteor": {"http://www.meteorsolutions.com/": ["meteorsolutions.com"]}},
  {"MicroAd": {"http://www.microad.jp/": ["microad.jp"]}},
  {"Microsoft": {"http://www.microsoft.com/": [
    "adbureau.net",
    "adecn.com",
    "aquantive.com",
    "atdmt.com",
    "msads.net",
    "netconversions.com",
    "roiservice.com"
  ]}},
  {"Millennial Media": {"http://www.millennialmedia.com/": [
    "decktrade.com", "millennialmedia.com", "mydas.mobi"
  ]}},
  {"Mindset Media": {"http://www.mindset-media.com/": [
    "mindset-media.com", "mmismm.com"
  ]}},
  {"Mirando": {"http://www.mirando.de/": ["mirando.de"]}},
  {"Mixpo": {"http://www.mixpo.com/": ["mixpo.com"]}},
  {"Moat": {"http://www.moat.com/": ["moat.com", "moatads.com"]}},
  {"MobFox": {"http://www.mobfox.com/": ["mobfox.com"]}},
  {"Mobile Meteor": {"http://mobilemeteor.com/": [
    "mobilemeteor.com", "showmeinn.com"
  ]}},
  {"MobVision": {"http://www.mobvision.com/": ["admoda.com", "mobvision.com"]}},
  {"Mocean Mobile": {"http://www.moceanmobile.com/": ["moceanmobile.com"]}},
  {"Mochila": {"http://www.mochila.com/": ["mochila.com"]}},
  {"Mojiva": {"http://www.mojiva.com/": ["mojiva.com"]}},
  {"Monetate": {"http://monetate.com/": ["monetate.com", "monetate.net"]}},
  {"MONETIZEdigital": {"https://www.cpalead.com/": ["cpalead.com"]}},
  {"Monoloop": {"http://www.monoloop.com/": ["monoloop.com"]}},
  {"Moolah Media": {"http://www.moolahmedia.com/": [
    "moolah-media.com", "moolahmedia.com"
  ]}},
  {"Monster": {"http://www.monster.com/": ["monster.com"]}},
  {"MoPub": {"http://www.mopub.com/": ["mopub.com"]}},
  {"MovieLush.com": {"https://www.movielush.com/": [
    "affbuzzads.com", "movielush.com"
  ]}},
  {"Multiple Stream Media": {"http://www.multiplestreammktg.com/": [
    "adclickmedia.com", "multiplestreammktg.com"
  ]}},
  {"MUNDO Media": {"http://www.mundomedia.com/": [
    "mundomedia.com", "silver-path.com"
  ]}},
  {"MyCounter": {"http://mycounter.com.ua/": ["mycounter.com.ua"]}},
  {"MyBuys": {"http://www.mybuys.com/": ["mybuys.com", "veruta.com"]}},
  {"myThings": {"http://www.mythings.com/": [
    "mythings.com", "mythingsmedia.com"
  ]}},
  {"MyWebGrocer": {"http://www.mywebgrocer.com/": ["mywebgrocer.com"]}},
  {"Nanigans": {"http://www.nanigans.com/": ["nanigans.com"]}},
  {"Navegg": {"http://www.navegg.com/": ["navdmp.com", "navegg.com"]}},
  {"Net-Results": {"http://www.net-results.com/": [
    "cdnma.com", "net-results.com", "nr7.us"
  ]}},
  {"NetAffiliation": {"http://www.netaffiliation.com/": [
    "netaffiliation.com"
  ]}},
  {"NetBina": {"http://www.netbina.com/": ["netbina.com"]}},
  {"NetElixir": {"http://www.netelixir.com/": [
    "adelixir.com", "netelixir.com"
  ]}},
  {"Netmining": {"http://www.netmining.com/": ["netmining.com", "netmng.com"]}},
  {"NetSeer": {"http://www.netseer.com/": ["netseer.com"]}},
  {"NetShelter": {"http://netshelter.com/": [
    "netshelter.com", "netshelter.net"
  ]}},
  {"Neustar": {"http://www.neustar.biz/": ["adadvisor.net", "neustar.biz"]}},
  {"newtention": {"http://newtention.de/": [
    "newtention.de", "newtention.net", "newtentionassets.net"
  ]}},
  {"Nexage": {"http://nexage.com/": ["nexage.com"]}},
  {"Nextag": {"http://www.nextag.com/": ["nextag.com"]}},
  {"NextPerformance": {"http://www.nextperformance.com/": [
    "nextperformance.com", "nxtck.com"
  ]}},
  {"Nielsen": {"http://www.nielsen.com/": [
    "imrworldwide.com", "imrworldwide.net"
  ]}},
  {"Ninua": {"http://www.ninua.com/": ["networkedblogs.com", "ninua.com"]}},
  {"Nokta": {"http://www.noktamedya.com/": ["noktamedya.com", "virgul.com"]}},
  {"NowSpots": {"http://nowspots.com/": ["nowspots.com"]}},
  {"nrelate": {"http://nrelate.com/": ["nrelate.com"]}},
  {"Nuffnang": {"http://www.nuffnang.com.my/": [
    "nuffnang.com", "nuffnang.com.my"
  ]}},
  {"nugg.ad": {"http://www.nugg.ad/": ["nugg.ad", "nuggad.net"]}},
  {"Ohana Media": {"http://www.ohana-media.com/": [
    "adohana.com", "ohana-media.com", "ohanaqb.com"
  ]}},
  {"Omnicom Group": {"http://www.omnicomgroup.com/": [
    "accuenmedia.com", "omnicomgroup.com", "p-td.com"
  ]}},
  {"onAd": {"http://www.onad.eu/": ["onad.eu"]}},
  {"One iota": {"http://www.itsoneiota.com/": [
    "itsoneiota.com", "oneiota.co.uk"
  ]}},
  {"Oneupweb": {"http://www.oneupweb.com/": ["oneupweb.com", "sodoit.com"]}},
  {"Open New Media": {"http://www.onm.de/": ["onm.de"]}},
  {"OpenX": {"http://openx.com/": [
    "liftdna.com",
    "openx.com",
    "openx.net",
    "openx.org",
    "openxenterprise.com",
    "servedbyopenx.com"
  ]}},
  {"Opera": {"http://www.opera.com/": ["mobiletheory.com", "opera.com"]}},
  {"OPT": {"http://www.opt.ne.jp/": ["advg.jp", "opt.ne.jp", "p-advg.com"]}},
  {"Optify": {"http://www.optify.net/": ["optify.net"]}},
  {"Optimal": {"http://optim.al/": [
    "cpmadvisors.com",
    "cpmatic.com",
    "nprove.com",
    "optim.al",
    "orbengine.com",
    "xa.net"
  ]}},
  {"OptimumResponse": {"http://www.optimumresponse.com/": [
    "optimumresponse.com"
  ]}},
  {"OptMD": {"http://optmd.com/": ["optmd.com"]}},
  {"Oracle": {"http://www.oracle.com/": ["estara.com"]}},
  {"OrangeSoda": {"http://www.orangesoda.com/": [
    "orangesoda.com", "otracking.com"
  ]}},
  {"Out There Media": {"http://www.out-there-media.com/": [
    "out-there-media.com"
  ]}},
  {"Outbrain": {"http://www.outbrain.com/": ["outbrain.com", "sphere.com"]}},
  {"Oversee.net": {"http://www.oversee.net/": [
    "dsnextgen.com", "oversee.net"
  ]}},
  {"OwnerIQ": {"http://www.owneriq.com/": ["owneriq.com", "owneriq.net"]}},
  {"OxaMedia": {"http://www.oxamedia.com/": [
    "adconnexa.com", "adsbwm.com", "oxamedia.com"
  ]}},
  {"Paid-To-Promote.net": {"http://www.paid-to-promote.net/": [
    "paid-to-promote.net"
  ]}},
  {"Pardot": {"http://www.pardot.com/": ["pardot.com"]}},
  {"PayHit": {"http://www.payhit.com/": ["payhit.com"]}},
  {"Paypopup.com": {"http://www.paypopup.com/": ["lzjl.com", "paypopup.com"]}},
  {"Peer39": {"http://www.peer39.com/": ["peer39.com", "peer39.net"]}},
  {"PeerFly": {"http://peerfly.com/": ["peerfly.com"]}},
  {"Performancing": {"http://performancing.com/": ["performancing.com"]}},
  {"Pheedo": {"http://site.pheedo.com/": ["pheedo.com"]}},
  {"Pictela": {"http://www.pictela.com/": ["pictela.com", "pictela.net"]}},
  {"Pixel.sg": {"http://www.pixel.sg/": ["pixel.sg"]}},
  {"Piximedia": {"http://www.piximedia.com/": ["piximedia.com"]}},
  {"PLATFORM ONE": {"http://www.platform-one.co.jp/": ["platform-one.co.jp"]}},
  {"plista": {"http://www.plista.com/": ["plista.com"]}},
  {"Po.st": {"http://www.po.st/": ["po.st"]}},
  {"PocketCents": {"http://pocketcents.com/": ["pocketcents.com"]}},
  {"Pontiflex": {"http://www.pontiflex.com/": ["pontiflex.com"]}},
  {"PopAds": {"https://www.popads.net/": ["popads.net", "popadscdn.net"]}},
  {"PopRule": {"http://poprule.com/": ["gocampaignlive.com", "poprule.com"]}},
  {"PrecisionClick": {"http://www.precisionclick.com/": [
    "precisionclick.com"
  ]}},
  {"PredictAd": {"http://www.predictad.com/": ["predictad.com"]}},
  {"Pressflex": {"http://www.pressflex.com/": [
    "blogads.com", "pressflex.com"
  ]}},
  {"Proclivity": {"http://www.proclivitymedia.com/": [
    "proclivitymedia.com", "proclivitysystems.com", "pswec.com"
  ]}},
  {"Project Wonderful": {"http://www.projectwonderful.com/": [
    "projectwonderful.com"
  ]}},
  {"Prosperent": {"http://prosperent.com/": ["prosperent.com"]}},
  {"Proximic": {"http://www.proximic.com/": [
    "proxilinks.com", "proximic.com", "proximic.net"
  ]}},
  {"Public-Idées": {"http://www.publicidees.com/": ["publicidees.com"]}},
  {"Publishers Clearing House": {"http://www.pch.com/": ["pch.com"]}},
  {"PubMatic": {"http://www.pubmatic.com/": ["pubmatic.com", "revinet.com"]}},
  {"Prime Visibility": {"http://www.primevisibility.com/": [
    "adcde.com",
    "addlvr.com",
    "adonnetwork.com",
    "adonnetwork.net",
    "adtrgt.com",
    "bannertgt.com",
    "cptgt.com",
    "cpvfeed.com",
    "cpvtgt.com",
    "popcde.com",
    "primevisibility.com",
    "sdfje.com",
    "urtbk.com"
  ]}},
  {"quadrantOne": {"http://www.quadrantone.com/": ["quadrantone.com"]}},
  {"Quantcast": {"http://www.quantcast.com/": [
    "quantcast.com", "quantserve.com"
  ]}},
  {"QuinStreet": {"http://quinstreet.com/": [
    "qnsr.com", "qsstats.com", "quinstreet.com"
  ]}},
  {"QUISMA": {"http://www.i-behavior.com/": [
    "i-behavior.com",
    "iaded.com",
    "quisma.com",
    "quismatch.com",
    "xaded.com",
    "xmladed.com"
  ]}},
  {"Radiate Media": {"http://www.radiatemedia.com/": [
    "matchbin.com", "radiatemedia.com"
  ]}},
  {"RadiumOne": {"http://www.radiumone.com/": [
    "gwallet.com", "radiumone.com"
  ]}},
  {"Radius Marketing": {"http://www.radiusmarketing.com/": [
    "radiusmarketing.com"
  ]}},
  {"Rambler": {"http://www.rambler.ru/": ["rambler.ru"]}},
  {"Rapleaf": {"http://www.rapleaf.com/": [
    "liveramp.com", "rapleaf.com", "rlcdn.com"
  ]}},
  {"ReachLocal": {"http://www.reachlocal.com/": [
    "reachlocal.com", "rlcdn.net"
  ]}},
  {"React2Media": {"http://www.react2media.com/": ["react2media.com"]}},
  {"Redux Media": {"http://reduxmedia.com/": ["reduxmedia.com"]}},
  {"Rekko": {"http://rekko.com/": ["convertglobal.com", "rekko.com"]}},
  {"Reklam Store": {"http://reklamstore.com/": ["reklamstore.com"]}},
  {"Reklamport": {"http://www.reklamport.com/": ["reklamport.com"]}},
  {"Reklamz": {"http://www.reklamz.com/": ["reklamz.com"]}},
  {"Relevad": {"http://www.relevad.com/": ["relestar.com", "relevad.com"]}},
  {"Renegade Internet": {"http://www.renegadeinternet.com/": [
    "advertserve.com", "renegadeinternet.com"
  ]}},
  {"Resolution Media": {"http://resolutionmedia.com/": [
    "resolutionmedia.com"
  ]}},
  {"Resonate": {"http://www.resonateinsights.com/": [
    "resonateinsights.com", "resonatenetworks.com"
  ]}},
  {"Responsys": {"http://www.responsys.com/": ["responsys.com"]}},
  {"ReTargeter": {"http://www.retargeter.com/": ["retargeter.com"]}},
  {"Retirement Living": {"www.retirement-living.com/": [
    "blvdstatus.com", "retirement-living.com"
  ]}},
  {"RevenueMax": {"http://revenuemax.de/": ["revenuemax.de"]}},
  {"Rhythm": {"http://rhythmnewmedia.com/": [
    "rhythmnewmedia.com", "rnmd.net"
  ]}},
  {"RichRelevance": {"http://www.richrelevance.com/": ["richrelevance.com"]}},
  {"RightAction": {"http://rightaction.com/": ["rightaction.com"]}},
  {"RMBN": {"http://rmbn.net/": ["rmbn.net", "rmbn.ru"]}},
  {"RMM": {"http://www.rmmonline.com/": ["rmmonline.com"]}},
  {"Rocket Fuel": {"http://rocketfuel.com/": [
    "rfihub.com", "rfihub.net", "rocketfuel.com"
  ]}},
  {"Rovion": {"http://www.rovion.com/": ["rovion.com"]}},
  {"RuTarget": {"http://www.rutarget.ru/": ["rutarget.ru"]}},
  {"Sabre": {"http://www.sabre.com/": [
    "reztrack.com", "sabre.com", "sabrehospitality.com"
  ]}},
  {"Salesforce.com": {"http://www.salesforce.com/": ["salesforce.com"]}},
  {"Samurai Factory": {"http://www.samurai-factory.jp/": [
    "samurai-factory.jp", "shinobi.jp"
  ]}},
  {"Sapient": {"http://www.sapient.com/": ["bridgetrack.com", "sapient.com"]}},
  {"SAS": {"http://www.sas.com/": ["aimatch.com", "sas.com"]}},
  {"Scandinavian AdNetworks": {"http://www.scandinavianadnetworks.com/": [
    "scandinavianadnetworks.com"
  ]}},
  {"Scribol": {"http://scribol.com/": ["scribol.com"]}},
  {"SearchForce": {"http://www.searchforce.com/": [
    "searchforce.com", "searchforce.net"
  ]}},
  {"Seevast": {"http://www.seevast.com/": [
    "kanoodle.com", "pulse360.com", "seevast.com", "syndigonetworks.com"
  ]}},
  {"Selectable Media": {"http://selectablemedia.com/": [
    "nabbr.com", "selectablemedia.com"
  ]}},
  {"SevenAds": {"http://www.sevenads.net/": ["sevenads.net"]}},
  {"SexInYourCity": {"http://www.sexinyourcity.com/": ["sexinyourcity.com"]}},
  {"ShareASale": {"http://www.shareasale.com/": ["shareasale.com"]}},
  {"Shopzilla": {"http://www.shopzilla.com/": ["shopzilla.com"]}},
  {"Silverpop": {"http://www.silverpop.com/": [
    "mkt51.net", "pages05.net", "silverpop.com", "vtrenz.net"
  ]}},
  {"Simpli.fi": {"http://www.simpli.fi/": ["simpli.fi"]}},
  {"SiteScout": {"http://www.sitescout.com/": ["sitescout.com"]}},
  {"Skimlinks": {"http://skimlinks.com/": [
    "skimlinks.com", "skimresources.com"
  ]}},
  {"Skupe Net": {"http://www.skupenet.com/": [
    "adcentriconline.com", "skupenet.com"
  ]}},
  {"Smaato": {"http://www.smaato.com/": ["smaato.com"]}},
  {"Smiley Media": {"http://www.smileymedia.com/": ["smileymedia.com"]}},
  {"Smowtion": {"http://smowtion.com/": ["smowtion.com"]}},
  {"Snap": {"http://www.snap.com/": ["snap.com"]}},
  {"SocialChorus": {"http://www.socialchorus.com/": [
    "halogenmediagroup.com", "halogennetwork.com", "socialchorus.com"
  ]}},
  {"SocialInterface": {"http://socialinterface.com/": [
    "ratevoice.com", "socialinterface.com"
  ]}},
  {"SocialTwist": {"http://tellafriend.socialtwist.com/": ["socialtwist.com"]}},
  {"sociomantic labs": {"http://www.sociomantic.com/": ["sociomantic.com"]}},
  {"sophus3": {"http://www.sophus3.com/": ["sophus3.co.uk", "sophus3.com"]}},
  {"Space Chimp Media": {"http://spacechimpmedia.com/": [
    "spacechimpmedia.com"
  ]}},
  {"Spark Studios": {"http://www.sparkstudios.com/": ["sparkstudios.com"]}},
  {"Sparklit": {"http://www.sparklit.com/": ["adbutler.com", "sparklit.com"]}},
  {"Specific Media": {"http://www.specificmedia.com/": [
    "adviva.co.uk",
    "adviva.net",
    "sitemeter.com",
    "specificclick.net",
    "specificmedia.com"
  ]}},
  {"Spectate": {"http://spectate.com/": ["spectate.com"]}},
  {"Sponge": {"http://spongegroup.com/": ["spongegroup.com"]}},
  {"Spongecell": {"http://www.spongecell.com/": ["spongecell.com"]}},
  {"SponsorAds": {"http://www.sponsorads.de/": ["sponsorads.de"]}},
  {"Spot200": {"http://spot200.com/": ["spot200.com"]}},
  {"SpotXchange": {"http://www.spotxchange.com/": ["spotxchange.com"]}},
  {"StarGames": {"https://www.stargames.net/": ["stargamesaffiliate.com"]}},
  {"SteelHouse": {"http://www.steelhouse.com/": [
    "steelhouse.com", "steelhousemedia.com"
  ]}},
  {"Streamray": {"http://streamray.com/": ["cams.com", "streamray.com"]}},
  {"StrikeAd": {"http://www.strikead.com/": ["strikead.com"]}},
  {"StrongMail": {"http://www.strongmail.com/": ["popularmedia.com"]}},
  {"Struq": {"http://struq.com/": ["struq.com"]}},
  {"Suite 66": {"http://www.suite66.com/": ["suite66.com"]}},
  {"Summit": {"http://www.summit.co.uk/": ["summitmedia.co.uk"]}},
  {"SupersonicAds": {"http://www.supersonicads.com/": ["supersonicads.com"]}},
  {"Switch": {"http://www.switchconcepts.com/": [
    "switchadhub.com", "switchconcepts.co.uk", "switchconcepts.com"
  ]}},
  {"Swoop": {"http://swoop.com/": ["swoop.com"]}},
  {"SymphonyAM": {"http://www.factortg.com/": ["factortg.com"]}},
  {"Syncapse": {"http://www.syncapse.com/": ["clickable.net", "syncapse.com"]}},
  {"Taboola": {"https://www.taboola.com/": ["taboola.com"]}},
  {"Tailsweep": {"http://www.tailsweep.com/": ["tailsweep.com"]}},
  {"Tap.me": {"http://tap.me/": ["tap.me"]}},
  {"Tapad": {"http://www.tapad.com/": ["tapad.com"]}},
  {"Tapgage": {"http://www.tapgage.com/": ["bizmey.com", "tapgage.com"]}},
  {"TapIt!": {"http://tapit.com/": ["tapit.com"]}},
  {"Tatto Media": {"http://tattomedia.com/": [
    "quicknoodles.com", "tattomedia.com"
  ]}},
  {"Targetix": {"http://targetix.net/": ["targetix.net"]}},
  {"Teadma": {"http://www.teadma.com/": ["teadma.com"]}},
  {"Technorati": {"http://technorati.com/": [
    "technorati.com", "technoratimedia.com"
  ]}},
  {"TellApart": {"http://tellapart.com/": ["tellapart.com", "tellapt.com"]}},
  {"Telstra": {"http://www.telstra.com.au/": [
    "sensis.com.au",
    "sensisdata.com.au",
    "sensisdigitalmedia.com.au",
    "telstra.com.au"
  ]}},
  {"Terra": {"http://www.terra.com.br/": [
    "eztargetmedia.com", "terra.com.br"
  ]}},
  {"The Numa Group": {"http://www.thenumagroup.com/": [
    "hittail.com", "thenumagroup.com"
  ]}},
  {"The Rimm-Kaufman Group": {"http://www.rimmkaufman.com/": [
    "rimmkaufman.com", "rkdms.com"
  ]}},
  {"The Search Agency": {"http://www.thesearchagency.com/": [
    "thesearchagency.com", "thesearchagency.net"
  ]}},
  {"The Trade Desk": {"http://thetradedesk.com/": [
    "adsrvr.org", "thetradedesk.com"
  ]}},
  {"Think Realtime": {"http://www.thinkrealtime.com/": [
    "echosearch.com", "esm1.net", "thinkrealtime.com"
  ]}},
  {"Tinder": {"http://tinder.com/": ["carbonads.com", "tinder.com"]}},
  {"TiqIQ": {"http://www.tiqiq.com/": ["tiqiq.com"]}},
  {"TLVMedia": {"http://tlvmedia.com/": ["tlvmedia.com"]}},
  {"Todacell": {"http://www.todacell.com/": ["todacell.com"]}},
  {"ToneFuse": {"http://tonefuse.com/": ["tonefuse.com"]}},
  {"ToneMedia": {"http://tonemedia.com/": ["clickfuse.com", "tonemedia.com"]}},
  {"TouchCommerce": {"http://www.touchcommerce.com/": [
    "inq.com", "touchcommerce.com"
  ]}},
  {"TrackingSoft": {"http://trackingsoft.com/": ["trackingsoft.com"]}},
  {"Tradedoubler": {"http://www.tradedoubler.com/": ["tradedoubler.com"]}},
  {"TradeTracker": {"http://www.tradetracker.com/": [
    "tradetracker.com", "tradetracker.net"
  ]}},
  {"TrafficHaus": {"http://www.traffichaus.com/": [
    "traffichaus.com", "traffichouse.com"
  ]}},
  {"TrafficRevenue": {"http://www.trafficrevenue.net/": [
    "trafficrevenue.net"
  ]}},
  {"Traffiq": {"http://www.traffiq.com/": ["traffiq.com"]}},
  {"Travora Media": {"http://www.travoramedia.com/": [
    "traveladnetwork.com", "traveladvertising.com", "travoramedia.com"
  ]}},
  {"Tremor Video": {"http://www.tremorvideo.com/": [
    "scanscout.com", "tmnetads.com", "tremormedia.com", "tremorvideo.com"
  ]}},
  {"Triggit": {"http://triggit.com/": ["triggit.com"]}},
  {"TruEffect": {"http://www.trueffect.com/": [
    "adlegend.com", "trueffect.com"
  ]}},
  {"TRUSTe": {"http://www.truste.com/": ["truste.com"]}},
  {"TubeMogul": {"http://www.tubemogul.com/": ["tmogul.com", "tubemogul.com"]}},
  {"Twelvefold": {"http://www.twelvefold.com/": [
    "buzzlogic.com", "twelvefold.com"
  ]}},
  {"twyn group": {"http://www.twyn.com/": ["twyn.com"]}},
  {"Tyroo": {"http://www.tyroo.com/": ["tyroo.com"]}},
  {"uCoz": {"http://www.ucoz.com/": [
    "ucoz.ae",
    "ucoz.br",
    "ucoz.com",
    "ucoz.du",
    "ucoz.fr",
    "ucoz.net",
    "ucoz.ru"
  ]}},
  {"Unanimis": {"http://www.unanimis.co.uk/": ["unanimis.co.uk"]}},
  {"Underdog Media": {"http://www.underdogmedia.com/": [
    "udmserve.net", "underdogmedia.com"
  ]}},
  {"Undertone": {"http://www.undertone.com/": [
    "undertone.com", "undertonenetworks.com", "undertonevideo.com"
  ]}},
  {"UniQlick": {"http://www.uniqlick.com/": [
    "51network.com", "uniqlick.com", "wanmo.com"
  ]}},
  {"Unruly": {"http://www.unrulymedia.com/": ["unrulymedia.com"]}},
  {"up-value": {"http://www.up-value.de/": ["up-value.de"]}},
  {"USI Technologies": {"http://www.usitechnologies.com/": [
    "upsellit.com", "usitechnologies.com"
  ]}},
  {"ValueClick": {"http://www.valueclick.com/": [
    "adserver.com",
    "dotomi.com",
    "dtmpub.com",
    "emjcd.com",
    "fastclick.com",
    "fastclick.net",
    "greystripe.com",
    "lduhtrp.net",
    "mediaplex.com",
    "valueclick.com",
    "valueclick.net",
    "valueclickmedia.com"
  ]}},
  {"Various": {"http://www.various.com/": [
    "amigos.com",
    "getiton.com",
    "medley.com",
    "nostringsattached.com",
    "various.com"
  ]}},
  {"Vdopia": {"http://www.vdopia.com/": ["ivdopia.com", "vdopia.com"]}},
  {"Velocity Media": {"http://adsvelocity.com/": ["adsvelocity.com"]}},
  {"Velti": {"http://www.velti.com/": ["mobclix.com", "velti.com"]}},
  {"Vemba": {"https://www.vemba.com/": ["vemba.com"]}},
  {"Vendio": {"http://www.vendio.com/": ["singlefeed.com", "vendio.com"]}},
  {"Veoxa": {"http://www.veoxa.com/": ["veoxa.com"]}},
  {"Veremedia": {"http://www.veremedia.com/": ["veremedia.com"]}},
  {"VerticalResponse": {"http://www.verticalresponse.com/": [
    "verticalresponse.com", "vresp.com"
  ]}},
  {"Vibrant Media": {"http://www.vibrantmedia.com/": [
    "intellitxt.com", "picadmedia.com", "vibrantmedia.com"
  ]}},
  {"VigLink": {"http://www.viglink.com/": ["viglink.com"]}},
  {"Visible Measures": {"http://www.visiblemeasures.com/": [
    "viewablemedia.net", "visiblemeasures.com"
  ]}},
  {"VisibleBrands": {"http://www.visbrands.com/": ["visbrands.com"]}},
  {"VisualDNA": {"http://www.visualdna.com/": [
    "vdna-assets.com", "visualdna-stats.com", "visualdna.com"
  ]}},
  {"Vizu": {"http://www.vizu.com/": ["vizu.com"]}},
  {"Vizury": {"http://www.vizury.com/": ["vizury.com"]}},
  {"Vserv": {"http://www.vserv.com/": ["vserv.com", "vserv.mobi"]}},
  {"Wahoha": {"http://wahoha.com/": ["contentwidgets.net", "wahoha.com"]}},
  {"Web.com": {"http://www.web.com/": ["feedperfect.com", "web.com"]}},
  {"WebAds": {"http://www.webads.co.uk/": ["webads.co.uk"]}},
  {"WebGozar.com": {"http://www.webgozar.com/": [
    "webgozar.com", "webgozar.ir"
  ]}},
  {"WebMetro": {"http://www.webmetro.com/": [
    "dsmmadvantage.com", "webmetro.com"
  ]}},
  {"Weborama": {"http://weborama.com/": ["weborama.com", "weborama.fr"]}},
  {"Webtraffic": {"http://www.webtraffic.se/": [
    "webtraffic.no", "webtraffic.se"
  ]}},
  {"WiredMinds": {"http://www.wiredminds.com/": [
    "wiredminds.com", "wiredminds.de"
  ]}},
  {"Wirtualna Polska": {"http://www.wp.pl/": ["adtotal.pl", "wp.pl"]}},
  {"WordStream": {"http://www.wordstream.com/": ["wordstream.com"]}},
  {"WPP": {"http://www.wpp.com/": [
    "247realmedia.com",
    "accelerator-media.com",
    "acceleratorusa.com",
    "decdna.net",
    "decideinteractive.com",
    "gmads.net",
    "groupm.com",
    "kantarmedia.com",
    "mecglobal.com",
    "mindshare.nl",
    "mookie1.com",
    "pm14.com",
    "realmedia.com",
    "targ.ad",
    "themig.com",
    "wpp.com",
    "xaxis.com"
  ]}},
  {"xAd": {"http://www.xad.com/": ["xad.com"]}},
  {"Xertive Media": {"http://www.xertivemedia.com/": [
    "admanager-xertive.com", "xertivemedia.com"
  ]}},
  {"xplosion interactive": {"http://www.xplosion.de/": ["xplosion.de"]}},
  {"Xrost DS": {"http://www.adplan-ds.com/": ["adplan-ds.com"]}},
  {"Yabuka": {"http://www.yabuka.com/": ["yabuka.com"]}},
  {"Yahoo!": {"http://www.yahoo.com/": [
    "adinterax.com",
    "adrevolver.com",
    "bluelithium.com",
    "dapper.net",
    "interclick.com",
    "overture.com",
    "rightmedia.com",
    "rmxads.com",
    "secure-adserver.com",
    "adserver.yahoo.com",
    "advertising.yahoo.com",
    "marketingsolutions.yahoo.com",
    "thewheelof.com",
    "yieldmanager.com",
    "yieldmanager.net",
    "yldmgrimg.net"
  ]}},
  {"Yandex": {"http://www.yandex.com/": [
    "web-visor.com", "moikrug.ru", "yandex.com", "yandex.ru", "yandex.st",
    "yandex.ua", "yandex.com.tr", "yandex.by"
  ]}},
  {"Ybrant Digital": {"http://www.ybrantdigital.com/": [
    "addynamix.com", "adserverplus.com", "oridian.com", "ybrantdigital.com"
  ]}},
  {"YD": {"http://www.ydworld.com/": ["ydworld.com", "yieldivision.com"]}},
  {"YellowHammer": {"http://www.yhmg.com/": [
    "attracto.com", "clickhype.com", "yellowhammermg.com", "yhmg.com"
  ]}},
  {"YieldAds": {"http://yieldads.com/": ["yieldads.com"]}},
  {"YieldBuild": {"http://yieldbuild.com/": ["yieldbuild.com"]}},
  {"Yieldlab": {"http://www.yieldlab.de/": ["yieldlab.de", "yieldlab.net"]}},
  {"YOC": {"http://group.yoc.com/": ["yoc.com"]}},
  {"youknowbest": {"http://www.youknowbest.com/": ["youknowbest.com"]}},
  {"YuMe": {"http://www.yume.com/": ["yume.com", "yumenetworks.com"]}},
  {"Zango": {"http://www.zango.com/": ["metricsdirect.com", "zango.com"]}},
  {"zanox": {"http://www.zanox.com/": [
    "buy.at", "zanox-affiliate.de", "zanox.com"
  ]}},
  {"zapunited": {"http://www.zapunited.com/": [
    "zaparena.com", "zapunited.com"
  ]}},
  {"ZEDO": {"http://www.zedo.com/": ["zedo.com", "zincx.com"]}},
  {"Zemanta": {"http://www.zemanta.com/": ["zemanta.com"]}},
  {"ZestAd": {"http://www.zestad.com/": ["zestad.com"]}},
  {"Zeta Email Solutions": {"http://www.zetaemailsolutions.com/": [
    "insightgrit.com", "zetaemailsolutions.com"
  ]}},
  {"Zumobi": {"http://www.zumobi.com/": ["zumobi.com"]}}
], "Analytics": [
  {"63 Squares": {"http://63squares.com/": ["63squares.com", "i-stats.com"]}},
  {"Acxiom": {"http://www.acxiom.com/": ["acxiom.com", "mm7.net"]}},
  {"AddFreeStats": {"http://www.addfreestats.com/": [
    "3dstats.com", "addfreestats.com"
  ]}},
  {"Amadesa": {"http://www.amadesa.com/": ["amadesa.com"]}},
  {"Amazon.com": {"http://www.amazon.com/": ["alexa.com", "alexametrics.com"]}},
  {"anormal-media.de": {"http://anormal-media.de/": [
    "anormal-media.de", "anormal-tracker.de"
  ]}},
  {"AT Internet": {"http://www.atinternet.com/": [
    "atinternet.com", "xiti.com"
  ]}},
  {"Attracta": {"https://www.attracta.com/": ["attracta.com"]}},
  {"Automattic": {"http://automattic.com/": ["polldaddy.com"]}},
  {"Awio": {"http://www.awio.com/": [
    "awio.com", "w3counter.com", "w3roi.com"
  ]}},
  {"Belstat": {"http://www.belstat.com/": [
    "belstat.be", "belstat.com", "belstat.de", "belstat.fr", "belstat.nl"
  ]}},
  {"BlogCounter.com": {"http://www.blogcounter.de/": ["blogcounter.de"]}},
  {"Bluemetrix": {"http://www.bluemetrix.com/": [
    "bluemetrix.com", "bmmetrix.com"
  ]}},
  {"Branica": {"http://www.branica.com/": ["branica.com"]}},
  {"BrightEdge": {"http://www.brightedge.com/": ["brightedge.com"]}},
  {"Bubblestat": {"http://www.bubblestat.com/": ["bubblestat.com"]}},
  {"C3 Metrics": {"http://c3metrics.com/": [
    "attributionmodel.com", "c3metrics.com", "c3tag.com"
  ]}},
  {"Chartbeat": {"http://chartbeat.com/": ["chartbeat.com", "chartbeat.net"]}},
  {"Clickdensity": {"http://www.clickdensity.com/": ["clickdensity.com"]}},
  {"ClickTale": {"http://www.clicktale.com/": [
    "clicktale.com", "clicktale.net", "pantherssl.com"
  ]}},
  {"ClixMetrix": {"http://www.clixmetrix.com/": ["clixmetrix.com"]}},
  {"Clixpy": {"http://clixpy.com/": ["clixpy.com"]}},
  {"ClustrMaps": {"http://www.clustrmaps.com/": ["clustrmaps.com"]}},
  {"CNZZ": {"http://www.cnzz.com/": ["cnzz.com"]}},
  {"Compuware": {"http://www.compuware.com/": [
    "axf8.net", "compuware.com", "gomez.com"
  ]}},
  {"comScore": {"http://www.comscore.com/": [
    "certifica.com",
    "comscore.com",
    "scorecardresearch.com",
    "sitestat.com",
    "voicefive.com"
  ]}},
  {"Connexity": {"http://www.connexity.com/": ["connexity.com"]}},
  {"Convert Insights": {"http://www.convert.com/": [
    "convert.com", "reedge.com"
  ]}},
  {"Convertro": {"http://www.convertro.com/": ["convertro.com"]}},
  {"Crazy Egg": {"http://www.crazyegg.com/": ["cetrk.com", "crazyegg.com"]}},
  {"Crowd Science": {"http://crowdscience.com/": ["crowdscience.com"]}},
  {"Dataium": {"http://www.dataium.com/": ["collserve.com", "dataium.com"]}},
  {"Demandbase": {"http://www.demandbase.com/": ["demandbase.com"]}},
  {"DirectCORP": {"http://www.directcorp.de/": ["ipcounter.de"]}},
  {"dwstat.com": {"http://www.dwstat.cn/": ["dwstat.cn"]}},
  {"Eloqua": {"http://www.eloqua.com/": ["eloqua.com"]}},
  {"Encore": {"http://www.encoremetrics.com/": [
    "encoremetrics.com", "sitecompass.com"
  ]}},
  {"eProof.com": {"http://www.eproof.com/": ["eproof.com"]}},
  {"etracker": {"http://www.etracker.com/": [
    "etracker.com", "etracker.de", "sedotracker.com", "sedotracker.de"
  ]}},
  {"Eulerian Technologies": {"http://www.eulerian.com/": [
    "eulerian.com", "eulerian.net"
  ]}},
  {"eXTReMe digital": {"http://extremetracking.com/": [
    "extreme-dm.com", "extremetracking.com"
  ]}},
  {"Feedjit": {"http://feedjit.com/": ["feedjit.com"]}},
  {"Footprint": {"http://www.footprintlive.com/": ["footprintlive.com"]}},
  {"Free Online Users": {"http://www.freeonlineusers.com/": [
    "freeonlineusers.com"
  ]}},
  {"Free-PageRank.com": {"http://www.free-pagerank.com/": [
    "free-pagerank.com"
  ]}},
  {"GfK Group": {"http://www.gfk.com/": [
    "daphnecm.com", "gfk.com", "gfkdaphne.com"
  ]}},
  {"GitHub": {"https://github.com/": ["gaug.es"]}},
  {"Go Daddy": {"http://www.godaddy.com/": [
    "godaddy.com", "trafficfacts.com"
  ]}},
  {"GoSquared": {"https://www.gosquared.com/": ["gosquared.com"]}},
  {"GoStats": {"http://gostats.com/": ["gostats.com"]}},
  {"GTop": {"http://www.gtop.ro/": ["gtop.ro", "gtopstats.com"]}},
  {"Hearst": {"http://www.hearst.com/": ["raasnet.com", "redaril.com"]}},
  {"Histats": {"http://www.histats.com/": ["histats.com"]}},
  {"Hit Sniffer": {"http://www.hitsniffer.com/": ["hitsniffer.com"]}},
  {"HitsLink": {"http://www.hitslink.com/": ["hitslink.com"]}},
  {"IBM": {"http://www.ibm.com/": [
    "cmcore.com", "coremetrics.com", "ibm.com"
  ]}},
  {"InboundWriter": {"http://www.inboundwriter.com/": [
    "enquisite.com", "inboundwriter.com"
  ]}},
  {"INFOnline": {"https://www.infonline.de/": [
    "infonline.de", "ioam.de", "ivwbox.de"
  ]}},
  {"InfoStars": {"http://infostars.ru/": ["hotlog.ru", "infostars.ru"]}},
  {"Inspectlet": {"http://www.inspectlet.com/": ["inspectlet.com"]}},
  {"IntelligenceFocus": {"http://www.intelligencefocus.com/": [
    "domodomain.com", "intelligencefocus.com"
  ]}},
  {"Intercom": {"https://www.intercom.io/": ["intercom.io"]}},
  {"iPerceptions": {"http://www.iperceptions.com/": ["iperceptions.com"]}},
  {"KeyMetric": {"http://www.keymetric.net/": ["keymetric.net"]}},
  {"KISSmetrics": {"http://kissmetrics.com/": ["kissmetrics.com"]}},
  {"LineZing": {"http://www.linezing.com/": ["linezing.com"]}},
  {"LivePerson": {"http://www.liveperson.com/": [
    "liveperson.com", "nuconomy.com"
  ]}},
  {"Logdy": {"http://logdy.com/": ["logdy.com"]}},
  {"Lotame": {"http://www.lotame.com/": ["crwdcntrl.net", "lotame.com"]}},
  {"Lynchpin": {"http://www.lynchpin.com/": ["lynchpin.com", "lypn.com"]}},
  {"Lyris": {"http://www.lyris.com/": ["clicktracks.com", "lyris.com"]}},
  {"Lytiks": {"http://www.lytiks.com/": ["lytiks.com"]}},
  {"Marktest": {"http://www.marktest.com/": ["marktest.com", "marktest.pt"]}},
  {"Maxymiser": {"http://www.maxymiser.com/": ["maxymiser.com"]}},
  {"Médiamétrie-eStat": {"http://www.mediametrie-estat.com/": [
    "estat.com", "mediametrie-estat.com"
  ]}},
  {"Meetrics": {"http://www.meetrics.de/": [
    "meetrics.de", "meetrics.net", "research.de.com"
  ]}},
  {"MetrixLab": {"http://metrixlab.com/": [
    "crm-metrix.com", "customerconversio.com", "metrixlab.com"
  ]}},
  {"Mixpanel": {"https://mixpanel.com/": ["mixpanel.com"]}},
  {"Mongoose Metrics": {"http://www.mongoosemetrics.com/": [
    "mongoosemetrics.com"
  ]}},
  {"Monitus": {"http://www.monitus.net/": ["monitus.net"]}},
  {"motigo": {"http://motigo.com/": ["motigo.com", "nedstatbasic.net"]}},
  {"Mouseflow": {"http://mouseflow.com/": ["mouseflow.com"]}},
  {"MyPagerank.Net": {"http://www.mypagerank.net/": ["mypagerank.net"]}},
  {"Net Applications": {"http://www.netapplications.com/": [
    "hitsprocessor.com", "netapplications.com"
  ]}},
  {"New Relic": {"http://newrelic.com/": ["newrelic.com"]}},
  {"NewsRight": {"http://www.newsright.com/": ["apnewsregistry.com"]}},
  {"NextSTAT": {"http://www.nextstat.com/": ["nextstat.com"]}},
  {"Nielsen": {"http://www.nielsen.com/": [
    "glanceguide.com", "nielsen.com"
  ]}},
  {"nurago": {"http://www.nurago.com/": [
    "nurago.com", "nurago.de", "sensic.net"
  ]}},
  {"Observer": {"http://observerapp.com/": ["observerapp.com"]}},
  {"OneStat": {"http://www.onestat.com/": ["onestat.com"]}},
  {"Openstat": {"https://www.openstat.ru/": ["openstat.ru", "spylog.com"]}},
  {"Opentracker": {"http://www.opentracker.net/": ["opentracker.net"]}},
  {"ÖWA": {"http://www.oewa.at/": ["oewa.at", "oewabox.at"]}},
  {"PersianStat.com": {"http://www.persianstat.com/": ["persianstat.com"]}},
  {"Phonalytics": {"http://www.phonalytics.com/": ["phonalytics.com"]}},
  {"phpMyVisites": {"http://www.phpmyvisites.us/": ["phpmyvisites.us"]}},
  {"Piwik": {"http://piwik.org/": ["piwik.org"]}},
  {"Pronunciator": {"http://www.pronunciator.com/": [
    "pronunciator.com", "visitorville.com"
  ]}},
  {"Qualaroo": {"http://qualaroo.com/": ["kissinsights.com", "qualaroo.com"]}},
  {"QuinStreet": {"http://quinstreet.com/": ["thecounter.com"]}},
  {"Quintelligence": {"http://www.quintelligence.com/": [
    "quintelligence.com"
  ]}},
  {"RadarURL": {"http://radarurl.com/": ["radarurl.com"]}},
  {"Research Now": {"http://www.researchnow.com/": [
    "researchnow.com", "valuedopinions.co.uk"
  ]}},
  {"Roxr": {"http://roxr.net/": [
    "getclicky.com", "roxr.net", "staticstuff.net"
  ]}},
  {"Safecount": {"http://www.safecount.net/": [
    "dl-rms.com", "dlqm.net", "questionmarket.com", "safecount.net"
  ]}},
  {"SageMetrics": {"http://www.sagemetrics.com/": [
    "sageanalyst.net", "sagemetrics.com"
  ]}},
  {"Segment.io": {"https://segment.io/": ["segment.io"]}},
  {"SeeVolution": {"https://www.seevolution.com/": [
    "seevolution.com", "svlu.net"
  ]}},
  {"ShinyStat": {"http://www.shinystat.com/": ["shinystat.com"]}},
  {"Snoobi": {"http://www.snoobi.com/": ["snoobi.com"]}},
  {"StatCounter": {"http://statcounter.com/": ["statcounter.com"]}},
  {"Statisfy": {"http://statisfy.net": ["statisfy.net"]}},
  {"STATSIT": {"http://www.statsit.com/": ["statsit.com"]}},
  {"Stratigent": {"http://www.stratigent.com/": ["stratigent.com"]}},
  {"stat4u": {"http://stat.4u.pl/": ["4u.pl"]}},
  {"TENSQUARE": {"http://www.tensquare.com/": ["tensquare.com"]}},
  {"The Heron Partnership": {"http://www.heronpartners.com.au/": [
    "heronpartners.com.au", "marinsm.com"
  ]}},
  {"TNS": {"http://www.tnsglobal.com/": [
    "sesamestats.com",
    "statistik-gallup.net",
    "tns-counter.ru",
    "tns-cs.net",
    "tnsglobal.com"
  ]}},
  {"TrackingSoft": {"http://trackingsoft.com/": [
    "roia.biz", "trackingsoft.com"
  ]}},
  {"Umbel": {"https://www.umbel.com/": ["umbel.com"]}},
  {"User Local": {"http://nakanohito.jp/": ["nakanohito.jp"]}},
  {"Vertster": {"http://www.vertster.com/": ["vertster.com"]}},
  {"VisiStat": {"http://www.visistat.com/": ["sa-as.com", "visistat.com"]}},
  {"Visit Streamer": {"http://www.visitstreamer.com/": ["visitstreamer.com"]}},
  {"vistrac": {"http://vistrac.com/": ["vistrac.com"]}},
  {"ViziSense": {"http://www.vizisense.com/": [
    "vizisense.com", "vizisense.net"
  ]}},
  {"Web Stats": {"http://www.onlinewebstats.com/": ["onlinewebstats.com"]}},
  {"Web Tracking Services": {"http://www.webtrackingservices.com/": [
    "web-stat.com", "webtrackingservices.com"
  ]}},
  {"Web Traxs": {"http://www.webtraxs.com/": ["webtraxs.com"]}},
  {"Webclicktracker": {"http://www.webclicktracker.com/": [
    "webclicktracker.com"
  ]}},
  {"Webtrekk": {"http://www.webtrekk.com/": ["webtrekk.com", "webtrekk.net"]}},
  {"Webtrends": {"http://webtrends.com/": [
    "reinvigorate.net", "webtrends.com", "webtrendslive.com"
  ]}},
  {"whos.amung.us": {"http://whos.amung.us/": ["amung.us"]}},
  {"Woopra": {"http://www.woopra.com/": ["woopra-ns.com", "woopra.com"]}},
  {"WOW Analytics": {"http://www.wowanalytics.co.uk/": ["wowanalytics.co.uk"]}},
  {"WPP": {"http://www.wpp.com/": ["compete.com"]}},
  {"Wysistat": {"http://www.wysistat.com/": ["wysistat.com"]}},
  {"Yahoo!": {"http://www.yahoo.com/": ["analytics.yahoo.com"]}},
  {"YellowTracker": {"http://www.yellowtracker.com/": ["yellowtracker.com"]}}
], "Content": [
  {"33Across": {"http://33across.com/": ["tynt.com"]}},
  {"ActivEngage": {"http://www.activengage.com/": ["activengage.com"]}},
  {"Adap.tv": {"http://adap.tv/": ["adap.tv"]}},
  {"Adobe": {"http://www.adobe.com/": ["adobe.com", "typekit.com"]}},
  {"Akamai": {"http://www.akamai.com/": [
    "abmr.net", "akamai.com", "edgesuite.net"
  ]}},
  {"AKQA": {"http://www.akqa.com/": ["akqa.com", "srtk.net"]}},
  {"Amazon.com": {"http://www.amazon.com/": ["amazon.com", "cloudfront.net"]}},
  {"AOL": {"http://www.aol.com/": [
    "5min.com",
    "aim.com",
    "aol.com",
    "aolanswers.com",
    "aolcdn.com",
    "aoltechguru.com",
    "autoblog.com",
    "cambio.com",
    "dailyfinance.com",
    "editions.com",
    "engadget.com",
    "games.com",
    "homesessive.com",
    "huffingtonpost.com",
    "joystiq.com",
    "kitchendaily.com",
    "makers.com",
    "mandatory.com",
    "mapquest.com",
    "moviefone.com",
    "noisecreep.com",
    "patch.com",
    "pawnation.com",
    "shortcuts.com",
    "shoutcast.com",
    "spinner.com",
    "stylelist.com",
    "stylemepretty.com",
    "surphace.com",
    "techcrunch.com",
    "theboombox.com",
    "theboot.com",
    "tuaw.com",
    "userplane.com",
    "winamp.com"
  ]}},
  {"Automattic": {"http://automattic.com/": [
    "automattic.com", "gravatar.com", "intensedebate.com"
  ]}},
  {"Baycloud Systems": {"http://cookieq.com/": ["cookieq.com"]}},
  {"Baynote": {"http://www.baynote.com/": ["baynote.com", "baynote.net"]}},
  {"Bazaarvoice": {"http://www.bazaarvoice.com/": ["bazaarvoice.com"]}},
  {"BigDoor": {"http://www.bigdoor.com/": ["bigdoor.com", "onetruefan.com"]}},
  {"Brightcove": {"http://www.brightcove.com/": ["brightcove.com"]}},
  {"Browser-Update.org": {"www.browser-update.org/": ["browser-update.org"]}},
  {"BTBuckets": {"http://btbuckets.com/": ["btbuckets.com"]}},
  {"Buffer": {"http://bufferapp.com/": ["bufferapp.com"]}},
  {"Bunchball": {"http://www.bunchball.com/": ["bunchball.com"]}},
  {"buySAFE": {"http://www.buysafe.com/": ["buysafe.com"]}},
  {"BuzzFeed": {"http://www.buzzfeed.com/": ["buzzfed.com", "buzzfeed.com"]}},
  {"Cbox": {"http://www.cbox.ws/": ["cbox.ws"]}},
  {"CBS Interactive": {"http://www.cbsinteractive.com/": [
    "cbsinteractive.com", "com.com"
  ]}},
  {"Cedexis": {"http://www.cedexis.com/": ["cedexis.com", "cedexis.net"]}},
  {"Certona": {"http://www.certona.com/": ["certona.com", "res-x.com"]}},
  {"ClipSyndicate": {"http://www.clipsyndicate.com/": ["clipsyndicate.com"]}},
  {"Collarity": {"http://www.collarity.com/": ["collarity.com"]}},
  {"Conduit": {"http://www.conduit.com/": [
    "conduit-banners.com", "conduit-services.com", "conduit.com", "wibiya.com"
  ]}},
  {"Congoo": {"http://www.congoo.com/": ["congoo.com"]}},
  {"Contact At Once!": {"http://www.contactatonce.com/": [
    "contactatonce.com"
  ]}},
  {"Conviva": {"http://www.conviva.com/": ["conviva.com"]}},
  {"DailyMe": {"http://dailyme.com/": ["dailyme.com", "newstogram.com"]}},
  {"DataSift": {"http://datasift.com/": ["datasift.com", "tweetmeme.com"]}},
  {"DG": {"http://www.dgit.com/": [
    "dgit.com",
    "eyeblaster.com",
    "eyewonder.com",
    "mdadx.com",
    "serving-sys.com",
    "unicast.com"
  ]}},
  {"Disqus": {"http://disqus.com/": ["disqus.com"]}},
  {"Echo": {"http://aboutecho.com/": [
    "aboutecho.com", "haloscan.com", "js-kit.com"
  ]}},
  {"Facebook": {"http://www.facebook.com/": ["akamaihd.net", "instagram.com", "fbcdn.net"]}},
  {"Flattr": {"http://flattr.com/": ["flattr.com"]}},
  {"FreeWheel": {"http://www.freewheel.tv/": ["freewheel.tv", "fwmrm.net"]}},
  {"Get Satisfaction": {"https://getsatisfaction.com/": [
    "getsatisfaction.com"
  ]}},
  {"Gigya": {"http://www.gigya.com/": ["gigcount.com", "gigya.com"]}},
  {"Global Takeoff": {"http://www.globaltakeoff.com/": [
    "globaltakeoff.com", "globaltakeoff.net"
  ]}},
  {"GoGrid": {"http://www.gogrid.com/": [
    "formalyzer.com", "gogrid.com", "komli.net"
  ]}},
  {"Google": {"http://www.google.com/": [
    "apture.com",
    "blogger.com",
    "disconnect.me",
    "feedburner.com",
    "ggpht.com",
    "gmodules.com",
    "google-melange.com",
    "google.ad",
    "google.ae",
    "google.com.af",
    "google.com.ag",
    "google.com.ai",
    "google.al",
    "google.am",
    "google.co.ao",
    "google.com.ar",
    "google.as",
    "google.at",
    "google.com.au",
    "google.az",
    "google.ba",
    "google.com.bd",
    "google.be",
    "google.bf",
    "google.bg",
    "google.com.bh",
    "google.bi",
    "google.bj",
    "google.com.bn",
    "google.com.bo",
    "google.com.br",
    "google.bs",
    "google.bt",
    "google.co.bw",
    "google.by",
    "google.com.bz",
    "google.ca",
    "google.cd",
    "google.cf",
    "google.cg",
    "google.ch",
    "google.ci",
    "google.co.ck",
    "google.cl",
    "google.cm",
    "google.cn",
    "google.com.co",
    "accounts.google.com",
    "apis.google.com",
    "appengine.google.com",
    "books.google.com",
    "checkout.google.com",
    "chrome.google.com",
    "code.google.com",
    "codesearch.google.com",
    "docs.google.com",
    "drive.google.com",
    "earth.google.com",
    "encrypted.google.com",
    "feedburner.google.com",
    "feedproxy.google.com",
    "finance.google.com",
    "groups.google.com",
    "health.google.com",
    "images.google.com",
    "investor.google.com",
    "knol.google.com",
    "maps.google.com",
    "music.google.com",
    "news.google.com",
    "picasa.google.com",
    "picasaweb.google.com",
    "play.google.com",
    "script.google.com",
    "shopping.google.com",
    "sites.google.com",
    "sketchup.google.com",
    "support.google.com",
    "talk.google.com",
    "talkgadget.google.com",
    "toolbar.google.com",
    "translate.google.com",
    "trends.google.com",
    "video.google.com",
    "videos.google.com",
    "wallet.google.com",
    "www.google.com",
    "google.co.cr",
    "google.com.cu",
    "google.cv",
    "google.com.cy",
    "google.cz",
    "google.de",
    "google.dj",
    "google.dk",
    "google.dm",
    "google.com.do",
    "google.dz",
    "google.com.ec",
    "google.ee",
    "google.com.eg",
    "google.es",
    "google.com.et",
    "google.fi",
    "google.com.fj",
    "google.fm",
    "google.fr",
    "google.ga",
    "google.ge",
    "google.gg",
    "google.com.gh",
    "google.com.gi",
    "google.gl",
    "google.gm",
    "google.gp",
    "google.gr",
    "google.com.gt",
    "google.gy",
    "google.com.hk",
    "google.hn",
    "google.hr",
    "google.ht",
    "google.hu",
    "google.co.id",
    "google.ie",
    "google.co.il",
    "google.im",
    "google.co.in",
    "google.iq",
    "google.is",
    "google.it",
    "google.je",
    "google.com.jm",
    "google.jo",
    "google.co.jp",
    "google.co.ke",
    "google.com.kh",
    "google.ki",
    "google.kg",
    "google.co.kr",
    "google.com.kw",
    "google.kz",
    "google.la",
    "google.com.lb",
    "google.li",
    "google.lk",
    "google.co.ls",
    "google.lt",
    "google.lu",
    "google.lv",
    "google.com.ly",
    "google.co.ma",
    "google.md",
    "google.me",
    "google.mg",
    "google.mk",
    "google.ml",
    "google.com.mm",
    "google.mn",
    "google.ms",
    "google.com.mt",
    "google.mu",
    "google.mv",
    "google.mw",
    "google.com.mx",
    "google.com.my",
    "google.co.mz",
    "google.com.na",
    "google.com.nf",
    "google.com.ng",
    "google.com.ni",
    "google.ne",
    "google.nl",
    "google.no",
    "google.com.np",
    "google.nr",
    "google.nu",
    "google.co.nz",
    "google.com.om",
    "google.com.pa",
    "google.com.pe",
    "google.com.pg",
    "google.com.ph",
    "google.com.pk",
    "google.pl",
    "google.pn",
    "google.com.pr",
    "google.ps",
    "google.pt",
    "google.com.py",
    "google.com.qa",
    "google.ro",
    "google.ru",
    "google.rw",
    "google.com.sa",
    "google.com.sb",
    "google.sc",
    "google.se",
    "google.com.sg",
    "google.sh",
    "google.si",
    "google.sk",
    "google.com.sl",
    "google.sn",
    "google.so",
    "google.sm",
    "google.st",
    "google.com.sv",
    "google.td",
    "google.tg",
    "google.co.th",
    "google.com.tj",
    "google.tk",
    "google.tl",
    "google.tm",
    "google.tn",
    "google.to",
    "google.com.tr",
    "google.tt",
    "google.com.tw",
    "google.co.tz",
    "google.com.ua",
    "google.co.ug",
    "google.co.uk",
    "google.com.uy",
    "google.co.uz",
    "google.com.vc",
    "google.co.ve",
    "google.vg",
    "google.co.vi",
    "google.com.vn",
    "google.vu",
    "google.ws",
    "google.rs",
    "google.co.za",
    "google.co.zm",
    "google.co.zw",
    "google.cat",
    "googleapis.com",
    "googleartproject.com",
    "googleusercontent.com",
    "gstatic.com",
    "panoramio.com",
    "postini.com",
    "recaptcha.net",
    "youtube.com"
  ]}},
  {"Gravity": {"http://www.gravity.com/": ["gravity.com", "grvcdn.com"]}},
  {"Heyzap": {"http://www.heyzap.com/": ["heyzap.com"]}},
  {"HubSpot": {"http://www.hubspot.com/": ["hubspot.com"]}},
  {"iovation": {"http://www.iovation.com/": ["iesnare.com", "iovation.com"]}},
  {"Kaltura": {"http://corp.kaltura.com/": ["kaltura.com"]}},
  {"kikin": {"http://www.kikin.com/": ["kikin.com"]}},
  {"Limelight Networks": {"http://www.limelight.com/": [
    "clickability.com", "limelight.com", "llnwd.net"
  ]}},
  {"Livefyre": {"http://livefyre.com/": ["fyre.co", "livefyre.com"]}},
  {"LivePerson": {"http://www.liveperson.net/": ["liveperson.net"]}},
  {"LiveRail": {"http://liverail.com/": ["liverail.com"]}},
  {"LongTail Video": {"http://www.longtailvideo.com/": [
    "longtailvideo.com", "ltassrv.com"
  ]}},
  {"Luminate": {"http://luminate.com/": ["luminate.com", "pixazza.com"]}},
  {"Markit": {"http://www.markit.com/": ["markit.com", "wsod.com"]}},
  {"MashLogic": {"http://www.mashlogic.com/": ["mashlogic.com"]}},
  {"McAfee": {"http://www.mcafee.com/": ["mcafee.com", "scanalert.com"]}},
  {"Microsoft": {"http://www.microsoft.com/": [
    "bing.com",
    "gamesforwindows.com",
    "getgamesmart.com",
    "healthvault.com",
    "ieaddons.com",
    "iegallery.com",
    "live.com",
    "microsoft.com",
    "microsoftalumni.com",
    "microsoftalumni.org",
    "microsoftstore.com",
    "msn.com",
    "msnbc.com",
    "msndirect.com",
    "nbcnews.com",
    "office.com",
    "officelive.com",
    "outlook.com",
    "s-msn.com",
    "skype.com",
    "windowsphone.com",
    "worldwidetelescope.org",
    "xbox.com",
    "zune.com",
    "zune.net"
  ]}},
  {"NDN": {"http://www.newsinc.com/": ["newsinc.com"]}},
  {"Oberon Media": {"http://www.oberon-media.com/": [
    "blaze.com", "oberon-media.com"
  ]}},
  {"Olark": {"http://www.olark.com/": ["olark.com"]}},
  {"Ooyala": {"http://www.ooyala.com/": ["oo4.com", "ooyala.com"]}},
  {"Optimizely": {"https://www.optimizely.com/": ["optimizely.com"]}},
  {"Oracle": {"http://www.oracle.com/": [
    "atgsvcs.com", "instantservice.com", "istrack.com", "oracle.com"
  ]}},
  {"Parse.ly": {"http://parsely.com/": ["parsely.com"]}},
  {"Peerius": {"http://www.peerius.com/": ["peerius.com"]}},
  {"Pinterest": {"http://pinterest.com/": ["pinterest.com"]}},
  {"PunchTab": {"http://www.punchtab.com/": ["punchtab.com"]}},
  {"RIM": {"http://www.rim.com/": ["rim.com", "scoreloop.com"]}},
  {"SAY": {"http://saymedia.com/": [
    "saymedia.com", "typepad.com", "videoegg.com"
  ]}},
  {"ScribeFire": {"http://www.scribefire.com/": ["scribefire.com"]}},
  {"Six Apart": {"http://www.sixapart.com/": ["sixapart.com"]}},
  {"Skribit": {"http://skribit.com/": ["skribit.com"]}},
  {"SnapEngage": {"http://www.snapengage.com/": ["snapengage.com"]}},
  {"Spring Metrics": {"http://www.springmetrics.com/": ["springmetrics.com"]}},
  {"Superfish": {"http://www.superfish.com/": ["superfish.com"]}},
  {"Synacor": {"http://www.synacor.com/": ["synacor.com"]}},
  {"ThingLink": {"http://www.thinglink.com/": ["thinglink.com"]}},
  {"Thismoment": {"http://www.thismoment.com/": ["thismoment.com"]}},
  {"Thummit": {"http://www.thummit.com/": ["thummit.com"]}},
  {"Topsy": {"http://topsy.com/": ["topsy.com"]}},
  {"TraceMyIP.org": {"http://www.tracemyip.org/": ["tracemyip.org"]}},
  {"Trackset": {"http://www.trackset.com/": ["trackset.com"]}},
  {"Trovus": {"http://www.trovus.co.uk/": ["trovus.co.uk"]}},
  {"Trumba": {"http://www.trumba.com/": ["trumba.com"]}},
  {"Tumblr": {"http://www.tumblr.com/": ["tumblr.com"]}},
  {"Turn": {"http://www.turn.com/": ["turn.com"]}},
  {"TurnTo": {"http://www.turntonetworks.com/": [
    "turnto.com", "turntonetworks.com"
  ]}},
  {"Tweetboard": {"http://tweetboard.com/": ["tweetboard.com"]}},
  {"Twitter Counter": {"http://twittercounter.com/": ["twittercounter.com"]}},
  {"UberMedia": {"http://ubermedia.com/": ["ubermedia.com", "tweetup.com"]}},
  {"UberTags": {"http://ubertags.com/": ["ubertags.com"]}},
  {"Unbounce": {"http://unbounce.com/": ["unbounce.com"]}},
  {"Uptrends": {"http://www.uptrends.com/": ["uptrends.com"]}},
  {"Usability Sciences": {"http://www.usabilitysciences.com/": [
    "usabilitysciences.com", "webiqonline.com"
  ]}},
  {"UserVoice": {"http://www.uservoice.com/": ["uservoice.com"]}},
  {"Vertical Acuity": {"http://www.verticalacuity.com/": [
    "verticalacuity.com"
  ]}},
  {"VG WORT": {"http://www.vgwort.de/": ["vgwort.de"]}},
  {"Videology": {"http://www.videologygroup.com/": [
    "tidaltv.com", "videologygroup.com"
  ]}},
  {"Viewbix": {"http://www.viewbix.com/": ["qoof.com", "viewbix.com"]}},
  {"Vimeo": {"http://vimeo.com/": ["vimeo.com", "vimeocdn.com"]}},
  {"VINDICO": {"http://vindicogroup.com/": [
    "vindicogroup.com", "vindicosuite.com"
  ]}},
  {"Visual Revenue": {"http://visualrevenue.com/": ["visualrevenue.com"]}},
  {"Voice2Page": {"http://www.voice2page.com/": ["voice2page.com"]}},
  {"WebsiteAlive": {"http://www.websitealive.com/": [
    "websitealive.com",
    "websitealive0.com",
    "websitealive1.com",
    "websitealive2.com",
    "websitealive3.com",
    "websitealive4.com",
    "websitealive5.com",
    "websitealive6.com",
    "websitealive7.com",
    "websitealive8.com",
    "websitealive9.com"
  ]}},
  {"Wingify": {"http://wingify.com/": [
    "visualwebsiteoptimizer.com", "wingify.com"
  ]}},
  {"Xtify": {"http://xtify.com/": ["xtify.com"]}},
  {"Yahoo!": {"http://www.yahoo.com/": [
    "flickr.com",
    "staticflickr.com",
    "answers.yahoo.com",
    "apps.yahoo.com",
    "autos.yahoo.com",
    "biz.yahoo.com",
    "developer.yahoo.com",
    "everything.yahoo.com",
    "finance.yahoo.com",
    "games.yahoo.com",
    "groups.yahoo.com",
    "help.yahoo.com",
    "hotjobs.yahoo.com",
    "info.yahoo.com",
    "local.yahoo.com",
    "messages.yahoo.com",
    "movies.yahoo.com",
    "msg.yahoo.com",
    "news.yahoo.com",
    "omg.yahoo.com",
    "pipes.yahoo.com",
    "realestate.yahoo.com",
    "search.yahoo.com",
    "shine.yahoo.com",
    "smallbusiness.yahoo.com",
    "sports.yahoo.com",
    "suggestions.yahoo.com",
    "travel.yahoo.com",
    "upcoming.yahoo.com",
    "webhosting.yahoo.com",
    "widgets.yahoo.com",
    "www.yahoo.com",
    "yahooapis.com",
    "yahoofs.com",
    "yimg.com",
    "ypolicyblog.com",
    "yuilibrary.com",
    "zenfs.com"
  ]}},
  {"Zendesk": {"http://www.zendesk.com/": ["zendesk.com"]}},
  {"Zopim": {"https://www.zopim.com/": ["zopim.com"]}}
], "Social": [
  {"AddThis": {"http://www.addthis.com/": [
    "addthis.com",
    "addthiscdn.com",
    "addthisedge.com",
    "clearspring.com",
    "connectedads.net",
    "xgraph.com",
    "xgraph.net"
  ]}},
  {"Causes": {"http://www.causes.com/": ["causes.com"]}},
  {"Digg": {"http://digg.com/": ["digg.com"]}},
  {"LinkedIn": {"http://www.linkedin.com/": ["licdn.com", "linkedin.com"]}},
  {"Lockerz": {"http://lockerz.com/": ["addtoany.com", "lockerz.com"]}},
  {"Mail.Ru": {"http://mail.ru/": ["list.ru", "mail.ru"]}},
  {"Meebo": {"https://www.meebo.com/": ["meebo.com", "meebocdn.net"]}},
  {"Papaya": {"http://papayamobile.com/": ["papayamobile.com"]}},
  {"reddit": {"http://www.reddit.com/": ["reddit.com"]}},
  {"ShareThis": {"http://sharethis.com/": ["sharethis.com"]}},
  {"Shareaholic": {"http://www.shareaholic.com/": [
    "buzzster.com", "shareaholic.com"
  ]}},
  {"StumbleUpon": {"http://www.stumbleupon.com/": [
    "stumble-upon.com", "stumbleupon.com"
  ]}},
  {"VKontakte": {"http://vk.com/": ["userapi.com", "vk.com", "vkontakte.ru"]}},
  {"Yahoo!": {"http://www.yahoo.com/": [
    "mybloglog.com",
    "rocketmail.com",
    "address.yahoo.com",
    "alerts.yahoo.com",
    "avatars.yahoo.com",
    "buzz.yahoo.com",
    "calendar.yahoo.com",
    "edit.yahoo.com",
    "legalredirect.yahoo.com",
    "login.yahoo.com",
    "mail.yahoo.com",
    "my.yahoo.com",
    "notepad.yahoo.com",
    "pulse.yahoo.com",
    "webmessenger.yahoo.com",
    "ymail.com"
  ]}}
], "Legacy Disconnect": [
  {"Facebook": {"http://www.facebook.com/": [
    "facebook.com",
    "facebook.de",
    "facebook.fr",
    "facebook.net",
    "facebookofsex.com",
    "fb.com",
    "fbcdn.net",
    "friendfeed.com"
  ]}},
  {"Google": {"http://www.google.com/": [
    "2mdn.net",
    "admeld.com",
    "admob.com",
    "cc-dt.com",
    "destinationurl.com",
    "doubleclick.net",
    "gmail.com",
    "google-analytics.com",
    "adwords.google.com",
    "mail.google.com",
    "plus.google.com",
    "plusone.google.com",
    "voice.google.com",
    "wave.google.com",
    "googleadservices.com",
    "googlemail.com",
    "googlesyndication.com",
    "googletagservices.com",
    "invitemedia.com",
    "orkut.com",
    "smtad.net",
    "teracent.com",
    "teracent.net",
    "ytsa.net"
  ]}},
  {"LinkedIn": {"http://www.linkedin.com/": ["licdn.com", "linkedin.com"]}},
  {"Twitter": {"https://twitter.com/": [
    "backtype.com",
    "crashlytics.com",
    "tweetdeck.com",
    "twimg.com",
    "twitter.com",
    "twitter.jp"
  ]}},
  {"Yahoo": {"http://www.yahoo.com/": [
    "adinterax.com",
    "adrevolver.com",
    "bluelithium.com",
    "dapper.net",
    "interclick.com",
    "overture.com",
    "rightmedia.com",
    "rmxads.com",
    "rocketmail.com",
    "secure-adserver.com",
    "address.yahoo.com",
    "adserver.yahoo.com",
    "advertising.yahoo.com",
    "alerts.yahoo.com",
    "analytics.yahoo.com",
    "avatars.yahoo.com",
    "buzz.yahoo.com",
    "calendar.yahoo.com",
    "edit.yahoo.com",
    "legalredirect.yahoo.com",
    "login.yahoo.com",
    "mail.yahoo.com",
    "my.yahoo.com",
    "notepad.yahoo.com",
    "pulse.yahoo.com",
    "webmessenger.yahoo.com",
    "yieldmanager.com",
    "yieldmanager.net",
    "yldmgrimg.net",
    "ymail.com"
  ]}}
], "Legacy Content": [
  {"Facebook": {"http://www.facebook.com/": ["akamaihd.net"]}},
  {"Google": {"http://www.google.com/": [
    "apture.com",
    "blogger.com",
    "feedburner.com",
    "ggpht.com",
    "gmodules.com",
    "google-melange.com",
    "google.ad",
    "google.ae",
    "google.com.af",
    "google.com.ag",
    "google.com.ai",
    "google.al",
    "google.am",
    "google.co.ao",
    "google.com.ar",
    "google.as",
    "google.at",
    "google.com.au",
    "google.az",
    "google.ba",
    "google.com.bd",
    "google.be",
    "google.bf",
    "google.bg",
    "google.com.bh",
    "google.bi",
    "google.bj",
    "google.com.bn",
    "google.com.bo",
    "google.com.br",
    "google.bs",
    "google.bt",
    "google.co.bw",
    "google.by",
    "google.com.bz",
    "google.ca",
    "google.cd",
    "google.cf",
    "google.cg",
    "google.ch",
    "google.ci",
    "google.co.ck",
    "google.cl",
    "google.cm",
    "google.cn",
    "google.com.co",
    "accounts.google.com",
    "apis.google.com",
    "appengine.google.com",
    "books.google.com",
    "checkout.google.com",
    "chrome.google.com",
    "code.google.com",
    "codesearch.google.com",
    "docs.google.com",
    "drive.google.com",
    "earth.google.com",
    "encrypted.google.com",
    "feedburner.google.com",
    "feedproxy.google.com",
    "finance.google.com",
    "groups.google.com",
    "health.google.com",
    "images.google.com",
    "investor.google.com",
    "knol.google.com",
    "maps.google.com",
    "music.google.com",
    "news.google.com",
    "picasa.google.com",
    "picasaweb.google.com",
    "play.google.com",
    "script.google.com",
    "shopping.google.com",
    "sites.google.com",
    "sketchup.google.com",
    "support.google.com",
    "talk.google.com",
    "talkgadget.google.com",
    "toolbar.google.com",
    "translate.google.com",
    "trends.google.com",
    "video.google.com",
    "videos.google.com",
    "wallet.google.com",
    "www.google.com",
    "google.co.cr",
    "google.com.cu",
    "google.cv",
    "google.com.cy",
    "google.cz",
    "google.de",
    "google.dj",
    "google.dk",
    "google.dm",
    "google.com.do",
    "google.dz",
    "google.com.ec",
    "google.ee",
    "google.com.eg",
    "google.es",
    "google.com.et",
    "google.fi",
    "google.com.fj",
    "google.fm",
    "google.fr",
    "google.ga",
    "google.ge",
    "google.gg",
    "google.com.gh",
    "google.com.gi",
    "google.gl",
    "google.gm",
    "google.gp",
    "google.gr",
    "google.com.gt",
    "google.gy",
    "google.com.hk",
    "google.hn",
    "google.hr",
    "google.ht",
    "google.hu",
    "google.co.id",
    "google.ie",
    "google.co.il",
    "google.im",
    "google.co.in",
    "google.iq",
    "google.is",
    "google.it",
    "google.je",
    "google.com.jm",
    "google.jo",
    "google.co.jp",
    "google.co.ke",
    "google.com.kh",
    "google.ki",
    "google.kg",
    "google.co.kr",
    "google.com.kw",
    "google.kz",
    "google.la",
    "google.com.lb",
    "google.li",
    "google.lk",
    "google.co.ls",
    "google.lt",
    "google.lu",
    "google.lv",
    "google.com.ly",
    "google.co.ma",
    "google.md",
    "google.me",
    "google.mg",
    "google.mk",
    "google.ml",
    "google.com.mm",
    "google.mn",
    "google.ms",
    "google.com.mt",
    "google.mu",
    "google.mv",
    "google.mw",
    "google.com.mx",
    "google.com.my",
    "google.co.mz",
    "google.com.na",
    "google.com.nf",
    "google.com.ng",
    "google.com.ni",
    "google.ne",
    "google.nl",
    "google.no",
    "google.com.np",
    "google.nr",
    "google.nu",
    "google.co.nz",
    "google.com.om",
    "google.com.pa",
    "google.com.pe",
    "google.com.pg",
    "google.com.ph",
    "google.com.pk",
    "google.pl",
    "google.pn",
    "google.com.pr",
    "google.ps",
    "google.pt",
    "google.com.py",
    "google.com.qa",
    "google.ro",
    "google.ru",
    "google.rw",
    "google.com.sa",
    "google.com.sb",
    "google.sc",
    "google.se",
    "google.com.sg",
    "google.sh",
    "google.si",
    "google.sk",
    "google.com.sl",
    "google.sn",
    "google.so",
    "google.sm",
    "google.st",
    "google.com.sv",
    "google.td",
    "google.tg",
    "google.co.th",
    "google.com.tj",
    "google.tk",
    "google.tl",
    "google.tm",
    "google.tn",
    "google.to",
    "google.com.tr",
    "google.tt",
    "google.com.tw",
    "google.co.tz",
    "google.com.ua",
    "google.co.ug",
    "google.co.uk",
    "google.com.uy",
    "google.co.uz",
    "google.com.vc",
    "google.co.ve",
    "google.vg",
    "google.co.vi",
    "google.com.vn",
    "google.vu",
    "google.ws",
    "google.rs",
    "google.co.za",
    "google.co.zm",
    "google.co.zw",
    "google.cat",
    "googleapis.com",
    "googleartproject.com",
    "googleusercontent.com",
    "gstatic.com",
    "panoramio.com",
    "postini.com",
    "recaptcha.net",
    "youtube.com"
  ]}},
  {"Yahoo": {"http://www.yahoo.com/": [
    "flickr.com",
    "staticflickr.com",
    "answers.yahoo.com",
    "apps.yahoo.com",
    "autos.yahoo.com",
    "biz.yahoo.com",
    "developer.yahoo.com",
    "everything.yahoo.com",
    "finance.yahoo.com",
    "games.yahoo.com",
    "groups.yahoo.com",
    "help.yahoo.com",
    "hotjobs.yahoo.com",
    "info.yahoo.com",
    "local.yahoo.com",
    "messages.yahoo.com",
    "movies.yahoo.com",
    "news.yahoo.com",
    "omg.yahoo.com",
    "pipes.yahoo.com",
    "realestate.yahoo.com",
    "search.yahoo.com",
    "shine.yahoo.com",
    "smallbusiness.yahoo.com",
    "sports.yahoo.com",
    "suggestions.yahoo.com",
    "travel.yahoo.com",
    "upcoming.yahoo.com",
    "widgets.yahoo.com",
    "www.yahoo.com",
    "yahooapis.com",
    "yahoofs.com",
    "yimg.com",
    "ypolicyblog.com",
    "yuilibrary.com",
    "zenfs.com"
  ]}}
]}, "filteringRules": {
  "apis.google.com": ["\\/js\\/plusone\\.js", "Disconnect"],
  "www.google.com": ["\\/uds\\/afs", "Disconnect"],
  "msg.yahoo.com": ["insider\\.msg\\.yahoo\\.com", "Advertising"]
}, "hardeningRules": [], "moreRules": [[
  "^https?:\\/\\/www\\.google\\.com\\/search\\?q=(.*?)&.*?sourceid=chrome&ie=.*",
  "https://proxy.disconnect.me/search?s=d2hhdGlmaWRpZHRoaXMx&q=$1"
], [
  "^http:\\/\\/www\\.bing\\.com\\/search\\?setmkt=.*?&q=(.*)",
  "https://proxy.disconnect.me/search?s=d2hhdGlmaWRpZHRoaXMx&q=$1"
], [
  "^http:\\/\\/search\\.yahoo\\.com\\/search\\?ei=.*?&fr=crmas&p=(.*)",
  "https://proxy.disconnect.me/search?s=d2hhdGlmaWRpZHRoaXMx&q=$1"
]]}
